date,pm10,pm2_5,carbon_monoxide,nitrogen_dioxide,sulphur_dioxide,ozone,aerosol_optical_depth,dust,uv_index,us_aqi,european_aqi
2022-08-01,,,,,,,,,,,
2022-08-02,,,,,,,,,,,
2022-08-03,,,,,,,,,,,
2022-08-04,67.08235294117648,46.641176470588235,586.8235294117648,33.56470588235294,19.68235294117647,110.23529411764706,0.7911764705882354,0.0,2.0264705882352945,,
2022-08-05,47.4625,33.112500000000004,568.5833333333334,36.47083333333334,18.0625,69.58333333333333,0.5758333333333333,0.0,0.88125,101.70588235294117,68.76470588235294
2022-08-06,40.895833333333336,28.566666666666666,481.6666666666667,36.15833333333333,14.904166666666667,38.875,0.3958333333333333,0.0,0.8729166666666667,99.5,68.08333333333333
2022-08-07,37.641666666666666,26.070833333333336,387.75,27.52916666666667,12.366666666666667,55.666666666666664,0.3025,0.0,1.175,73.875,52.041666666666664
2022-08-08,37.125,25.625,376.0,21.133333333333333,8.358333333333333,64.45833333333333,0.3758333333333333,0.0,1.6520833333333333,87.29166666666667,63.666666666666664
2022-08-09,50.15833333333333,34.74583333333333,367.8333333333333,18.641666666666666,16.3125,75.83333333333333,0.2816666666666667,0.0,1.7458333333333333,74.625,53.333333333333336
2022-08-10,51.17916666666667,35.62916666666667,500.3333333333333,28.162499999999998,20.579166666666666,40.375,0.24750000000000003,0.0,1.15625,121.625,75.33333333333333
2022-08-11,28.445833333333336,19.625,402.125,22.916666666666668,16.658333333333335,39.375,0.19125,0.0,0.5354166666666667,75.625,52.041666666666664
2022-08-12,39.13333333333333,27.1875,464.5,28.958333333333332,21.454166666666666,34.125,0.17458333333333334,0.0,0.7374999999999999,63.458333333333336,37.416666666666664
2022-08-13,73.24583333333334,51.09166666666667,549.5833333333334,28.145833333333332,24.25,79.66666666666667,0.5291666666666667,0.0,1.4854166666666666,118.58333333333333,74.25
2022-08-14,65.78750000000001,45.7875,632.875,34.71666666666667,21.770833333333332,91.70833333333333,0.4604166666666667,0.0,1.7854166666666667,143.375,80.45833333333333
2022-08-15,56.675000000000004,39.15416666666667,541.6666666666666,30.704166666666666,16.591666666666665,78.83333333333333,0.48500000000000004,0.0,1.33125,116.08333333333333,73.5
2022-08-16,53.28333333333333,36.545833333333334,510.25,30.241666666666664,18.150000000000002,76.375,0.375,0.0,1.8,106.70833333333333,69.41666666666667
2022-08-17,49.3375,34.237500000000004,665.6666666666666,47.00833333333333,24.9375,41.0,0.36125,0.0,1.0520833333333333,99.29166666666667,68.0
2022-08-18,61.11666666666667,42.53333333333333,605.0,33.733333333333334,22.329166666666666,99.875,0.45708333333333334,0.0,2.1666666666666665,124.70833333333333,71.625
2022-08-19,68.0,47.39166666666667,530.75,25.045833333333334,20.525000000000002,97.66666666666667,0.5841666666666666,0.0,2.06875,133.04166666666666,77.54166666666667
2022-08-20,44.81666666666666,31.108333333333334,411.2083333333333,26.120833333333334,16.991666666666667,47.708333333333336,0.38833333333333336,0.0,1.3104166666666666,111.04166666666667,71.83333333333333
2022-08-21,25.46666666666667,17.520833333333332,365.5833333333333,24.079166666666666,12.266666666666666,50.833333333333336,0.21708333333333332,0.0,1.2333333333333332,73.79166666666667,50.833333333333336
2022-08-22,37.275,25.412499999999998,400.6666666666667,22.95,14.641666666666666,72.66666666666667,0.30083333333333334,0.0,2.05625,68.375,45.208333333333336
2022-08-23,54.76666666666667,37.74583333333333,479.9583333333333,26.791666666666668,23.508333333333336,67.75,0.44333333333333336,0.0,1.4104166666666667,92.83333333333333,65.83333333333333
2022-08-24,79.39583333333333,55.074999999999996,599.375,24.733333333333334,28.125,104.04166666666667,0.5616666666666666,0.0,1.5791666666666666,127.08333333333333,74.5
2022-08-25,98.65833333333335,68.96249999999999,792.8333333333334,35.03333333333333,29.370833333333334,64.66666666666667,0.7829166666666666,0.0,0.64375,161.625,102.0
2022-08-26,19.775000000000002,13.258333333333333,350.625,21.958333333333332,11.387500000000001,35.291666666666664,0.15833333333333333,0.0,0.8250000000000001,91.45833333333333,56.791666666666664
2022-08-27,31.224999999999998,21.46666666666667,354.875,20.929166666666667,14.179166666666667,65.45833333333333,0.24125,0.0,2.279166666666667,63.875,40.75
2022-08-28,43.19583333333333,29.458333333333332,419.5,24.116666666666664,19.416666666666668,66.08333333333333,0.30875,0.0,2.0500000000000003,84.0,60.083333333333336
2022-08-29,32.65833333333333,21.925,315.3333333333333,17.525000000000002,17.720833333333335,53.291666666666664,0.19999999999999998,0.0,2.339583333333333,76.83333333333333,55.333333333333336
2022-08-30,44.32916666666667,30.34583333333333,336.5833333333333,17.979166666666668,20.1125,59.333333333333336,0.25875,0.0,2.341666666666667,76.75,56.541666666666664
2022-08-31,54.65416666666667,37.737500000000004,378.7083333333333,20.470833333333335,22.245833333333334,59.708333333333336,0.41500000000000004,0.0,2.0020833333333337,91.41666666666667,65.25
2022-09-01,41.32083333333333,28.787499999999998,411.25,19.037499999999998,13.1,67.16666666666667,0.5079166666666667,0.0,0.9270833333333334,112.625,72.375
2022-09-02,46.47083333333333,32.53333333333333,446.875,17.3625,12.991666666666667,99.625,0.6766666666666666,0.0,1.9083333333333332,89.45833333333333,60.041666666666664
2022-09-03,83.37916666666666,58.30416666666667,641.375,26.391666666666666,21.412499999999998,127.45833333333333,0.8879166666666666,0.0,1.5562500000000001,138.54166666666666,76.5
2022-09-04,61.26666666666667,42.5875,534.125,21.208333333333332,13.866666666666667,82.95833333333333,0.8266666666666667,0.0,1.4645833333333333,148.08333333333334,86.0
2022-09-05,52.1875,36.43333333333333,561.5833333333334,22.254166666666666,16.879166666666666,89.25,0.32,0.0,1.9583333333333333,97.16666666666667,66.16666666666667
2022-09-06,60.57083333333333,42.30833333333333,592.3333333333334,24.508333333333336,22.791666666666668,64.54166666666667,0.3620833333333333,0.25,2.408333333333333,122.33333333333333,75.58333333333333
2022-09-07,122.40416666666665,85.02916666666667,775.375,23.916666666666668,32.266666666666666,108.08333333333333,1.315,0.20833333333333334,1.33125,149.95833333333334,90.66666666666667
2022-09-08,59.4375,41.300000000000004,541.75,24.25,20.616666666666667,41.666666666666664,0.5445833333333333,0.0,0.7020833333333334,153.79166666666666,94.25
2022-09-09,42.80416666666667,29.7375,472.6666666666667,31.224999999999998,19.566666666666666,29.0,0.28625,0.0,0.9333333333333332,86.33333333333333,63.25
2022-09-10,46.362500000000004,32.237500000000004,448.75,25.329166666666666,12.704166666666666,62.416666666666664,0.5708333333333333,0.0,1.1395833333333332,92.04166666666667,65.41666666666667
2022-09-11,60.53333333333333,41.979166666666664,599.5416666666666,37.541666666666664,16.208333333333332,81.5,0.5116666666666666,0.0,1.9937500000000001,100.125,67.08333333333333
2022-09-12,91.72083333333335,62.916666666666664,761.7083333333334,44.775,23.087500000000002,81.25,0.7379166666666667,0.0,1.4645833333333333,145.66666666666666,84.20833333333333
2022-09-13,105.37083333333334,72.2625,687.5416666666666,25.5625,26.820833333333336,109.91666666666667,0.7999999999999999,0.0,1.4833333333333334,158.45833333333334,95.45833333333333
2022-09-14,111.08749999999999,76.0625,738.8333333333334,24.758333333333336,30.84583333333333,128.95833333333334,0.8804166666666666,0.0,1.76875,170.875,100.0
2022-09-15,68.95833333333333,46.699999999999996,503.9166666666667,18.870833333333334,21.84166666666667,84.20833333333333,0.5095833333333334,0.0,1.7249999999999999,152.33333333333334,89.75
2022-09-16,53.0625,36.516666666666666,595.4166666666666,35.487500000000004,24.766666666666666,43.583333333333336,0.4504166666666667,0.0,0.7875,104.75,69.83333333333333
2022-09-17,54.19166666666666,37.53333333333333,482.0833333333333,25.579166666666666,21.65416666666667,60.708333333333336,0.50375,0.0,0.8395833333333332,102.70833333333333,69.29166666666667
2022-09-18,77.39999999999999,53.729166666666664,637.4166666666666,31.033333333333335,25.416666666666668,88.58333333333333,0.6770833333333334,0.0,1.6770833333333333,133.41666666666666,79.125
2022-09-19,64.64583333333333,45.03333333333333,707.0416666666666,46.74583333333334,20.891666666666666,69.70833333333333,0.42166666666666663,0.0,1.9625000000000001,133.5,78.79166666666667
2022-09-20,57.4375,39.958333333333336,720.5416666666666,48.5625,21.59583333333333,61.458333333333336,0.5866666666666667,0.0,1.6958333333333335,114.0,72.79166666666667
2022-09-21,53.62083333333334,37.4125,599.125,33.9125,11.950000000000001,72.75,0.8983333333333333,0.0,0.5479166666666667,118.95833333333333,74.45833333333333
2022-09-22,46.0875,31.825,494.4166666666667,24.891666666666666,16.145833333333332,76.375,0.4375,0.0,1.5270833333333333,87.58333333333333,63.666666666666664
2022-09-23,56.24583333333334,37.862500000000004,495.4166666666667,23.162499999999998,14.174999999999999,74.95833333333333,0.6691666666666666,0.25,1.3479166666666667,106.75,70.41666666666667
2022-09-24,68.12916666666666,47.24583333333334,554.7916666666666,23.59583333333333,15.075000000000001,91.29166666666667,1.1320833333333333,0.0,0.90625,110.16666666666667,71.58333333333333
2022-09-25,75.67083333333333,52.237500000000004,692.6666666666666,33.84166666666667,15.674999999999999,94.66666666666667,0.86,0.0,1.28125,141.29166666666666,80.91666666666667
2022-09-26,91.625,63.9375,1030.7083333333333,44.69583333333333,19.841666666666665,82.29166666666667,0.71125,0.0,1.5541666666666665,146.125,83.45833333333333
2022-09-27,93.43333333333334,65.11666666666666,1125.4583333333333,55.49583333333334,20.470833333333335,66.04166666666667,0.7125,0.0,1.6520833333333333,158.75,97.70833333333333
2022-09-28,62.24583333333334,43.1875,682.0,31.020833333333332,12.945833333333333,62.291666666666664,0.6566666666666666,0.0,0.5666666666666667,143.75,83.25
2022-09-29,33.266666666666666,22.95,390.4583333333333,25.6875,8.579166666666667,41.083333333333336,0.2708333333333333,0.0,0.49791666666666673,89.45833333333333,63.125
2022-09-30,29.22083333333333,20.2375,434.5,27.50833333333333,9.950000000000001,43.416666666666664,0.26208333333333333,0.0,1.1520833333333333,67.75,42.375
2022-10-01,31.95,21.96666666666667,424.1666666666667,34.199999999999996,11.316666666666668,22.041666666666668,0.235,0.0,0.5187499999999999,71.0,47.5
2022-10-02,36.275,24.925,585.875,32.854166666666664,13.533333333333333,26.208333333333332,0.25625000000000003,0.0,0.975,70.20833333333333,45.833333333333336
2022-10-03,41.175000000000004,28.3,632.5833333333334,37.895833333333336,15.4125,28.875,0.3458333333333334,0.0,0.9354166666666667,83.45833333333333,62.166666666666664
2022-10-04,51.520833333333336,35.3375,608.5833333333334,40.53333333333333,14.295833333333334,35.375,0.3854166666666667,0.0,1.0916666666666666,94.66666666666667,66.41666666666667
2022-10-05,68.80416666666666,46.78333333333333,675.9583333333334,39.56666666666667,20.479166666666668,55.333333333333336,0.33499999999999996,0.0,1.9395833333333332,115.54166666666667,73.33333333333333
2022-10-06,76.19166666666666,51.35833333333333,677.0833333333334,44.425000000000004,23.416666666666668,41.375,0.45916666666666667,0.0,0.7791666666666667,141.54166666666666,81.75
2022-10-07,67.91666666666667,46.12916666666666,596.0833333333334,42.50416666666667,24.34583333333333,44.875,0.5499999999999999,0.0,0.93125,129.0,77.625
2022-10-08,61.87083333333334,42.612500000000004,533.8333333333334,29.650000000000002,23.525000000000002,66.20833333333333,0.64625,0.0,0.81875,116.0,73.54166666666667
2022-10-09,36.449999999999996,25.070833333333336,383.0416666666667,14.225,12.091666666666667,68.875,0.42166666666666663,0.0,0.6916666666666668,106.54166666666667,70.375
2022-10-10,28.2625,19.304166666666667,314.0,14.745833333333332,10.141666666666667,63.333333333333336,0.2175,2.4583333333333335,1.2541666666666667,60.375,36.541666666666664
2022-10-11,49.93333333333334,34.87916666666667,734.4166666666666,35.166666666666664,15.245833333333332,45.541666666666664,0.19666666666666668,0.4166666666666667,1.9854166666666666,85.20833333333333,60.958333333333336
2022-10-12,71.0,49.7125,1177.75,53.262499999999996,24.2375,40.333333333333336,0.27416666666666667,0.0,2.08125,113.58333333333333,72.66666666666667
2022-10-13,87.55,61.25833333333333,1303.7083333333333,63.50416666666666,29.608333333333334,45.166666666666664,0.3429166666666667,0.0,1.9229166666666666,151.875,89.33333333333333
2022-10-14,51.70416666666667,36.1875,640.25,28.474999999999998,17.95,62.291666666666664,0.21916666666666665,0.0,1.9791666666666667,122.58333333333333,75.83333333333333
2022-10-15,48.958333333333336,34.108333333333334,443.8333333333333,14.654166666666667,18.879166666666666,77.875,0.23124999999999998,0.0,1.8083333333333333,95.95833333333333,66.91666666666667
2022-10-16,56.82916666666667,39.725,479.5,20.791666666666668,17.554166666666667,67.75,0.33625,0.0,1.6812500000000001,104.41666666666667,69.79166666666667
2022-10-17,44.49583333333334,31.025000000000002,535.25,26.145833333333332,14.004166666666668,53.625,0.3179166666666667,0.75,1.7333333333333334,100.16666666666667,68.375
2022-10-18,60.5,41.525,574.5833333333334,28.166666666666668,17.6125,68.04166666666667,0.44208333333333333,2.125,1.60625,102.79166666666667,69.125
2022-10-19,46.09166666666667,31.983333333333334,427.75,16.195833333333333,14.9125,81.33333333333333,0.2525,0.625,1.4875,107.83333333333333,70.83333333333333
2022-10-20,37.4125,25.96666666666667,416.5,22.22083333333333,7.033333333333334,53.916666666666664,0.26208333333333333,0.0,0.4583333333333333,84.625,62.625
2022-10-21,49.975,33.795833333333334,554.2916666666666,30.770833333333332,9.004166666666666,38.083333333333336,0.3666666666666667,0.0,0.3979166666666667,84.0,62.333333333333336
2022-10-22,56.6875,39.175000000000004,946.0833333333334,42.762499999999996,12.566666666666668,32.625,0.32875,0.0,1.65625,99.5,68.08333333333333
2022-10-23,78.83333333333333,54.90416666666667,1273.1666666666667,50.99583333333334,19.845833333333335,27.958333333333332,0.375,0.0,1.6291666666666667,126.58333333333333,76.91666666666667
2022-10-24,119.4875,83.125,1426.375,60.6875,34.38333333333333,48.416666666666664,0.7275,0.0,1.3583333333333334,160.375,100.16666666666667
2022-10-25,123.82083333333333,82.41250000000001,1056.4583333333333,62.862500000000004,38.487500000000004,71.33333333333333,0.8379166666666666,0.0,0.7145833333333332,166.0,108.625
2022-10-26,64.11666666666666,39.8375,607.6666666666666,43.34166666666667,19.4875,55.375,0.4033333333333333,0.375,0.8250000000000001,143.75,86.41666666666667
2022-10-27,55.708333333333336,36.78333333333333,647.7083333333334,44.54583333333333,19.925,49.208333333333336,0.3491666666666667,0.0,1.2020833333333334,102.70833333333333,69.29166666666667
2022-10-28,84.07083333333334,56.28333333333333,887.9583333333334,60.45416666666667,27.162499999999998,61.5,0.8383333333333334,0.0,1.1458333333333333,122.20833333333333,75.5
2022-10-29,105.65833333333335,72.58749999999999,1284.5,64.16250000000001,28.133333333333336,57.625,0.9133333333333332,0.0,1.1979166666666667,153.75,90.0
2022-10-30,76.675,53.43333333333334,1257.625,48.525,15.200000000000001,44.333333333333336,0.4479166666666667,0.0,1.5708333333333335,160.0,99.70833333333333
2022-10-31,23.325,16.295833333333334,488.6666666666667,20.51666666666667,5.425,59.458333333333336,0.14291666666666666,0.0,1.76875,81.29166666666667,52.166666666666664
2022-11-01,39.887499999999996,27.84583333333333,852.9583333333334,30.508333333333336,9.9,44.708333333333336,0.11666666666666665,0.0,1.8083333333333333,65.41666666666667,39.375
2022-11-02,85.96666666666665,59.97083333333333,1119.7083333333333,49.35833333333333,24.40833333333333,63.833333333333336,0.23708333333333334,0.375,1.6333333333333335,115.16666666666667,73.25
2022-11-03,95.08333333333333,66.2625,1018.4583333333334,58.637499999999996,31.770833333333332,46.208333333333336,0.2854166666666667,0.0,1.5833333333333333,159.66666666666666,99.16666666666667
2022-11-04,99.7375,69.25416666666666,986.9583333333334,63.40416666666667,32.84583333333333,45.041666666666664,0.38458333333333333,0.0,1.4937500000000001,153.5,89.75
2022-11-05,91.80416666666667,63.71666666666667,978.9166666666666,53.458333333333336,35.55416666666667,45.875,0.5170833333333333,0.0,1.3520833333333335,157.29166666666666,95.54166666666667
2022-11-06,99.06666666666666,68.94583333333334,1045.7916666666667,59.199999999999996,32.8125,64.625,0.6604166666666667,0.0,1.1541666666666666,152.04166666666666,87.625
2022-11-07,105.58749999999999,73.32083333333334,976.4166666666666,61.229166666666664,35.8375,75.375,0.7608333333333333,0.0,0.9458333333333333,158.16666666666666,96.95833333333333
2022-11-08,112.97083333333335,78.61666666666666,1099.625,68.375,35.31666666666667,72.0,0.5929166666666666,0.0,1.1541666666666666,160.75,100.66666666666667
2022-11-09,102.52083333333333,71.22083333333333,1067.0833333333333,66.02499999999999,34.083333333333336,72.29166666666667,0.5854166666666667,0.0,1.0604166666666666,164.54166666666666,106.625
2022-11-10,55.275,37.59166666666667,651.8333333333334,47.699999999999996,23.71666666666667,47.958333333333336,0.38166666666666665,0.0,0.86875,131.875,80.16666666666667
2022-11-11,62.8125,41.324999999999996,692.4166666666666,47.07083333333333,24.983333333333334,52.916666666666664,0.37875,0.0,1.0708333333333333,117.625,74.04166666666667
2022-11-12,42.05833333333333,27.995833333333334,501.875,37.24166666666667,18.879166666666666,53.833333333333336,0.3408333333333333,0.0,0.9833333333333333,91.79166666666667,65.20833333333333
2022-11-13,36.104166666666664,24.070833333333336,436.8333333333333,33.887499999999996,17.633333333333333,50.041666666666664,0.2704166666666667,0.0,1.1541666666666666,76.625,55.958333333333336
2022-11-14,57.237500000000004,38.80416666666667,644.5,44.15,24.679166666666664,31.25,0.35541666666666666,0.0,0.9208333333333334,99.25,67.79166666666667
2022-11-15,52.68333333333334,34.87916666666667,533.4166666666666,40.4,23.1375,46.0,0.38375000000000004,0.0,1.0791666666666666,105.66666666666667,70.20833333333333
2022-11-16,33.65,22.175,413.1666666666667,30.166666666666668,16.900000000000002,51.041666666666664,0.31375000000000003,0.0,1.21875,79.5,57.125
2022-11-17,31.558333333333334,20.395833333333332,374.0833333333333,28.7,17.195833333333333,48.583333333333336,0.29375,0.0,1.1479166666666667,69.83333333333333,45.041666666666664
2022-11-18,35.69583333333333,23.016666666666666,410.0416666666667,30.979166666666668,18.55,53.375,0.3545833333333333,0.0,1.19375,70.91666666666667,47.666666666666664
2022-11-19,29.245833333333334,19.341666666666665,386.0833333333333,26.270833333333332,13.320833333333333,47.375,0.35083333333333333,0.0,1.1708333333333334,70.16666666666667,46.0
2022-11-20,42.012499999999996,28.287499999999998,601.2083333333334,33.09166666666667,19.608333333333334,48.5,0.3095833333333334,0.0,1.2333333333333334,67.5,42.666666666666664
2022-11-21,81.19166666666666,53.84583333333333,830.8333333333334,52.05416666666667,30.229166666666668,58.791666666666664,0.52,0.0,0.8270833333333334,128.625,77.45833333333333
2022-11-22,76.6125,51.166666666666664,815.8333333333334,46.31666666666666,22.53333333333333,41.208333333333336,0.3666666666666667,0.0,0.9020833333333332,143.875,82.45833333333333
2022-11-23,56.68333333333334,39.36666666666667,790.5,42.637499999999996,27.28333333333333,22.083333333333332,0.43083333333333335,0.0,0.47291666666666665,114.375,72.95833333333333
2022-11-24,45.28333333333333,31.662499999999998,695.875,34.06666666666667,17.6,17.625,0.3070833333333333,0.0,0.33958333333333335,103.125,69.375
2022-11-25,47.15833333333333,32.762499999999996,691.0833333333334,33.604166666666664,15.475,32.541666666666664,0.3133333333333333,0.0,0.9291666666666667,88.58333333333333,64.08333333333333
2022-11-26,35.74166666666667,24.729166666666668,541.6666666666666,37.93333333333333,16.970833333333335,17.291666666666668,0.2804166666666667,0.0,0.5479166666666667,92.0,65.33333333333333
2022-11-27,22.125,14.779166666666667,336.2083333333333,25.395833333333332,14.862499999999999,33.5,0.23750000000000002,0.0,0.94375,66.04166666666667,40.833333333333336
2022-11-28,30.162499999999998,20.8,383.9583333333333,28.925,16.370833333333334,46.416666666666664,0.25,0.0,1.09375,59.458333333333336,35.208333333333336
2022-11-29,34.94166666666667,23.95,449.3333333333333,33.204166666666666,17.05,44.333333333333336,0.28375,0.0,0.8958333333333334,72.0,49.375
2022-11-30,21.504166666666666,14.766666666666666,431.3333333333333,21.233333333333334,12.045833333333334,27.791666666666668,0.24958333333333335,0.0,0.47500000000000003,66.5,42.416666666666664
2022-12-01,19.775000000000002,13.833333333333334,418.8333333333333,15.195833333333333,8.970833333333333,20.708333333333332,0.23583333333333334,0.0,0.21875,56.041666666666664,29.833333333333332
2022-12-02,26.162499999999998,18.2625,473.375,18.020833333333332,11.6625,32.583333333333336,0.16666666666666666,0.0,0.5479166666666667,55.916666666666664,29.583333333333332
2022-12-03,44.87916666666666,31.27916666666667,822.1666666666666,32.704166666666666,20.695833333333333,26.541666666666668,0.24833333333333332,0.0,0.6666666666666666,68.70833333333333,43.541666666666664
2022-12-04,29.825,20.8,560.0833333333334,21.395833333333332,12.404166666666667,20.166666666666668,0.19791666666666666,0.0,0.3333333333333333,95.125,66.29166666666667
2022-12-05,32.420833333333334,22.679166666666664,672.125,22.170833333333334,13.487499999999999,40.0,0.17333333333333334,0.0,0.5270833333333333,60.416666666666664,34.166666666666664
2022-12-06,52.275,36.574999999999996,922.2083333333334,40.854166666666664,25.8875,58.333333333333336,0.2775,0.0,1.3,83.29166666666667,61.0
2022-12-07,52.00416666666666,36.34166666666667,671.625,29.241666666666664,29.3125,34.916666666666664,0.45916666666666667,0.0,0.3833333333333333,113.875,72.79166666666667
2022-12-08,45.71666666666667,31.883333333333336,644.125,23.508333333333336,19.279166666666665,23.375,0.4595833333333333,0.0,0.3333333333333333,96.875,67.08333333333333
2022-12-09,37.520833333333336,26.245833333333334,675.9583333333334,23.599999999999998,14.433333333333332,19.916666666666668,0.4116666666666667,0.0,0.28958333333333336,86.75,63.416666666666664
2022-12-10,57.1,39.93333333333333,893.4166666666666,34.641666666666666,17.966666666666665,20.875,0.41291666666666665,0.0,0.24375,87.75,63.708333333333336
2022-12-11,71.83749999999999,50.237500000000004,1098.9583333333333,36.583333333333336,27.141666666666666,42.666666666666664,0.47541666666666665,0.0,0.4041666666666666,117.41666666666667,73.875
2022-12-12,80.17916666666666,56.025,983.625,31.9875,34.40416666666667,72.33333333333333,0.7629166666666666,0.5,0.49583333333333335,146.58333333333334,84.29166666666667
2022-12-13,58.012499999999996,40.262499999999996,559.7916666666666,20.099999999999998,16.3125,64.75,0.36625,1.5,1.7958333333333334,146.70833333333334,84.375
2022-12-14,1.2916666666666667,0.9083333333333333,60.0,0.0,0.6791666666666667,28.0,0.03791666666666667,0.0,2.3020833333333335,58.0,38.333333333333336
2022-12-15,1.5041666666666667,1.0458333333333334,63.375,0.0,0.24166666666666667,34.958333333333336,0.037083333333333336,0.0,2.2395833333333335,16.5,13.75
2022-12-16,61.69166666666666,42.675000000000004,676.2916666666666,28.162499999999998,26.583333333333332,67.16666666666667,0.42333333333333334,0.3333333333333333,1.70625,54.083333333333336,42.541666666666664
2022-12-17,40.25833333333333,28.025000000000002,517.25,8.65,25.962500000000002,78.54166666666667,0.6454166666666666,1.0,0.5354166666666667,116.375,73.5
2022-12-18,54.3125,37.6625,721.7083333333334,26.2,19.558333333333334,70.45833333333333,0.35041666666666665,1.75,1.125,80.0,59.416666666666664
2022-12-19,76.8125,53.550000000000004,792.2083333333334,38.449999999999996,32.895833333333336,50.208333333333336,0.2808333333333333,0.75,1.1395833333333334,132.04166666666666,78.66666666666667
2022-12-20,97.08333333333333,66.0625,1039.0,50.25833333333333,32.975,53.875,0.375,0.25,1.1041666666666667,151.91666666666666,88.125
2022-12-21,87.55,61.0375,1036.6666666666667,31.145833333333332,25.6375,65.95833333333333,0.6170833333333333,0.0,0.9270833333333334,152.29166666666666,87.79166666666667
2022-12-22,116.42916666666667,81.39166666666667,1427.5833333333333,49.362500000000004,32.34166666666667,53.958333333333336,0.6791666666666667,0.375,0.8979166666666667,159.66666666666666,99.125
2022-12-23,154.0125,106.97083333333335,1416.375,60.05833333333334,35.987500000000004,65.75,0.7416666666666667,0.25,0.8875000000000001,180.33333333333334,130.5
2022-12-24,90.90833333333335,62.94583333333333,874.6666666666666,47.387499999999996,28.804166666666664,63.166666666666664,0.7504166666666667,0.125,1.075,157.91666666666666,96.5
2022-12-25,86.6125,55.82083333333333,764.2083333333334,38.975,28.7,62.958333333333336,0.38208333333333333,0.3333333333333333,1.1708333333333332,154.41666666666666,91.20833333333333
2022-12-26,67.17083333333333,38.925000000000004,482.125,25.883333333333336,28.2625,66.08333333333333,0.5475,0.0,0.50625,115.33333333333333,73.29166666666667
2022-12-27,60.87083333333334,34.28333333333333,450.0,19.150000000000002,26.516666666666666,92.58333333333333,0.54125,0.0,0.6895833333333333,103.25,69.25
2022-12-28,61.28333333333333,39.358333333333334,723.3333333333334,15.025,22.366666666666664,66.58333333333333,0.6070833333333333,0.0,0.17708333333333334,104.54166666666667,69.91666666666667
2022-12-29,46.22083333333333,32.09166666666667,613.125,10.383333333333333,16.275000000000002,69.875,0.7341666666666667,0.0,0.5270833333333333,94.04166666666667,66.20833333333333
2022-12-30,60.77916666666667,42.44166666666667,626.5416666666666,17.3,18.241666666666667,58.875,0.5341666666666667,0.0,0.4875,95.75,66.83333333333333
2022-12-31,77.12916666666666,54.0375,719.6666666666666,19.333333333333332,25.370833333333334,54.75,0.42791666666666667,0.0,0.7708333333333334,144.75,83.0
2023-01-01,82.55416666666666,57.77916666666667,912.625,36.52916666666667,27.233333333333334,54.375,0.41208333333333336,0.0,1.1333333333333333,136.54166666666666,80.20833333333333
2023-01-02,95.80833333333334,66.97083333333333,1191.1666666666667,48.88333333333333,34.86666666666667,41.375,0.42333333333333334,0.0,0.29375,163.08333333333334,104.16666666666667
2023-01-03,38.891666666666666,27.183333333333334,772.9166666666666,22.045833333333334,14.450000000000001,50.208333333333336,0.24208333333333334,0.0,0.6416666666666667,95.91666666666667,65.66666666666667
2023-01-04,75.10416666666667,52.50416666666666,1101.4583333333333,43.6,32.520833333333336,32.958333333333336,0.28791666666666665,0.0,0.9770833333333333,114.83333333333333,73.0
2023-01-05,114.17916666666667,79.83333333333333,1707.5,61.395833333333336,36.354166666666664,29.75,0.5341666666666667,0.0,0.55625,156.66666666666666,95.25
2023-01-06,50.333333333333336,35.19166666666667,849.375,25.4375,14.775,62.958333333333336,0.36166666666666664,0.0,1.1833333333333333,142.375,85.79166666666667
2023-01-07,64.78750000000001,45.32083333333333,1130.5416666666667,47.70416666666667,18.858333333333334,52.875,0.3120833333333333,0.0,1.1833333333333333,94.33333333333333,66.125
2023-01-08,152.73749999999998,106.50833333333333,1613.0833333333333,78.19166666666666,49.62916666666666,42.75,0.6270833333333333,0.0,0.4375,162.875,106.375
2023-01-09,174.97083333333333,121.17916666666667,1465.7916666666667,56.70416666666667,48.03333333333333,67.29166666666667,0.7320833333333333,0.0,0.6645833333333333,179.54166666666666,129.33333333333334
2023-01-10,157.10833333333332,109.58333333333333,1489.2916666666667,54.550000000000004,47.2125,43.291666666666664,0.9070833333333334,0.0,0.3354166666666667,184.5,136.91666666666666
2023-01-11,96.87916666666666,67.78750000000001,1284.1666666666667,61.07083333333333,33.2875,28.208333333333332,0.5479166666666667,0.0,0.46249999999999997,168.20833333333334,112.08333333333333
2023-01-12,91.51666666666667,64.03333333333333,1317.125,60.92916666666667,33.295833333333334,44.833333333333336,0.5683333333333334,0.0,0.5958333333333333,154.58333333333334,91.375
2023-01-13,56.237500000000004,39.2875,908.7083333333334,49.27916666666667,21.891666666666666,60.333333333333336,0.33958333333333335,0.0,0.9979166666666667,120.5,75.70833333333333
2023-01-14,89.13333333333333,62.14166666666667,960.0833333333334,44.40833333333333,20.520833333333332,73.29166666666667,0.5116666666666666,0.0,1.1708333333333334,131.41666666666666,78.45833333333333
2023-01-15,38.795833333333334,27.133333333333336,824.7916666666666,11.395833333333334,10.604166666666666,51.0,0.7225,0.0,0.22916666666666666,139.29166666666666,82.95833333333333
2023-01-16,33.012499999999996,23.045833333333334,591.9583333333334,14.1,21.025000000000002,53.75,0.305,0.0,0.49583333333333335,66.91666666666667,41.5
2023-01-17,35.020833333333336,24.47083333333333,487.5833333333333,10.345833333333333,17.162499999999998,50.708333333333336,0.455,0.0,0.39166666666666666,78.04166666666667,58.666666666666664
2023-01-18,46.17916666666667,32.275,565.5416666666666,14.020833333333334,17.870833333333334,54.25,0.48666666666666664,0.0,0.68125,79.625,60.416666666666664
2023-01-19,66.71249999999999,46.5875,647.8333333333334,18.083333333333332,22.787499999999998,56.166666666666664,0.62625,0.0,1.0145833333333334,113.125,72.5
2023-01-20,66.98333333333333,46.74166666666667,722.9583333333334,21.879166666666666,24.462500000000002,58.541666666666664,0.5379166666666667,0.0,0.75625,119.45833333333333,74.70833333333333
2023-01-21,115.15833333333335,79.97916666666667,999.9166666666666,35.458333333333336,31.1375,70.75,0.645,0.0,0.7937500000000001,155.625,95.375
2023-01-22,101.74166666666667,68.61666666666666,1223.0,50.987500000000004,30.175,55.041666666666664,0.8883333333333333,0.0,0.37916666666666665,158.45833333333334,97.375
2023-01-23,70.95,48.61666666666667,953.5416666666666,39.416666666666664,21.579166666666666,55.083333333333336,0.7358333333333333,0.0,0.6437499999999999,154.08333333333334,91.41666666666667
2023-01-24,51.5,35.958333333333336,700.9583333333334,19.029166666666665,17.570833333333333,71.875,0.3841666666666667,0.75,0.6041666666666666,97.125,67.04166666666667
2023-01-25,74.44166666666666,51.520833333333336,771.4166666666666,26.295833333333334,23.579166666666666,85.75,0.5325,1.6666666666666667,1.2229166666666667,128.79166666666666,77.58333333333333
2023-01-26,67.49166666666666,44.42083333333333,781.8333333333334,29.275000000000002,18.854166666666668,76.875,0.7287500000000001,0.125,0.8104166666666667,134.75,79.625
2023-01-27,60.40416666666667,41.979166666666664,617.5,14.924999999999999,16.7625,63.291666666666664,0.5116666666666666,0.16666666666666666,0.38958333333333334,114.25,72.95833333333333
2023-01-28,66.8875,46.1625,908.6666666666666,26.741666666666664,22.383333333333336,76.04166666666667,0.3779166666666667,3.0,1.3062500000000001,109.66666666666667,71.58333333333333
2023-01-29,82.5,56.98333333333333,1063.4166666666667,44.75,21.204166666666666,60.666666666666664,0.4429166666666667,3.125,1.3958333333333333,146.83333333333334,83.91666666666667
2023-01-30,163.05416666666667,113.52499999999999,1655.375,70.81666666666666,32.36666666666667,81.54166666666667,0.6308333333333334,2.0,1.2875,169.45833333333334,114.16666666666667
2023-01-31,92.80416666666667,60.94583333333333,806.0833333333334,32.69166666666667,25.066666666666666,74.75,0.455,0.875,1.4916666666666665,166.29166666666666,109.16666666666667
2023-02-01,97.05416666666667,64.46249999999999,804.625,27.96666666666667,24.358333333333334,89.70833333333333,0.7058333333333334,0.25,0.8854166666666666,151.5,86.79166666666667
2023-02-02,151.61666666666667,104.55,1037.125,36.358333333333334,27.008333333333336,42.875,0.9133333333333334,0.0,0.2520833333333333,165.79166666666666,108.29166666666667
2023-02-03,160.725,112.0625,1151.2083333333333,45.92916666666667,24.454166666666666,28.916666666666668,0.7062499999999999,0.0,0.18958333333333333,180.66666666666666,131.08333333333334
2023-02-04,82.11666666666666,57.17916666666667,766.125,33.516666666666666,20.145833333333332,36.833333333333336,0.7391666666666666,0.0,0.32083333333333336,162.54166666666666,103.33333333333333
2023-02-05,95.95833333333333,66.35416666666667,786.375,32.237500000000004,20.400000000000002,44.458333333333336,0.7825000000000001,0.0,0.23750000000000002,152.83333333333334,88.79166666666667
2023-02-06,80.6875,55.800000000000004,802.9166666666666,38.800000000000004,20.279166666666665,33.291666666666664,0.59875,0.0,0.21875,152.29166666666666,87.66666666666667
2023-02-07,67.22916666666667,46.229166666666664,671.2916666666666,32.09583333333333,16.741666666666667,39.083333333333336,0.5925,0.0,0.3229166666666667,149.29166666666666,85.125
2023-02-08,31.366666666666664,21.283333333333335,408.6666666666667,26.737499999999997,14.362499999999999,32.0,0.6041666666666666,0.0,0.3166666666666667,91.16666666666667,63.583333333333336
2023-02-09,30.054166666666664,20.183333333333334,359.2916666666667,28.3,15.554166666666667,24.083333333333332,0.7104166666666667,0.0,0.2916666666666667,66.54166666666667,39.75
2023-02-10,30.383333333333336,20.416666666666668,368.0833333333333,27.78333333333333,15.141666666666666,31.666666666666668,0.69,0.0,0.4458333333333333,69.58333333333333,44.875
2023-02-11,31.387500000000003,21.208333333333332,333.625,21.795833333333334,11.420833333333334,38.541666666666664,0.66625,0.0,0.63125,66.0,39.5
2023-02-12,48.69583333333333,32.949999999999996,458.1666666666667,23.22083333333333,13.491666666666667,78.58333333333333,0.5258333333333333,0.0,1.3812499999999999,84.58333333333333,57.666666666666664
2023-02-13,51.74166666666667,35.06666666666667,463.9583333333333,19.599999999999998,12.816666666666668,65.95833333333333,0.7341666666666667,0.0,1.0541666666666667,97.83333333333333,67.5
2023-02-14,45.52916666666667,31.733333333333334,575.2083333333334,11.820833333333333,7.2749999999999995,50.166666666666664,0.7783333333333333,0.0,0.35000000000000003,99.79166666666667,68.25
2023-02-15,52.5625,36.725,584.2916666666666,15.808333333333332,10.887500000000001,60.208333333333336,0.7770833333333332,0.0,0.6291666666666667,92.95833333333333,65.70833333333333
2023-02-16,87.95833333333333,61.387499999999996,894.7083333333334,32.954166666666666,21.8125,52.125,0.9541666666666666,0.0,0.44375000000000003,123.0,75.83333333333333
2023-02-17,116.44583333333333,79.60000000000001,1237.0833333333333,50.07916666666667,27.391666666666666,55.833333333333336,1.09,0.0,0.46249999999999997,164.33333333333334,106.16666666666667
2023-02-18,66.85833333333333,42.762499999999996,786.6666666666666,39.5875,22.616666666666664,58.916666666666664,0.8095833333333333,0.0,0.56875,140.04166666666666,84.41666666666667
2023-02-19,52.979166666666664,36.420833333333334,814.2916666666666,32.77916666666667,13.120833333333332,46.708333333333336,0.48416666666666663,0.0,0.8416666666666667,117.5,73.95833333333333
2023-02-20,71.95416666666667,50.05416666666667,918.25,29.825,16.8,79.08333333333333,0.7020833333333334,0.25,1.0104166666666667,96.375,66.79166666666667
2023-02-21,109.52916666666665,73.35833333333333,1024.1666666666667,30.02916666666667,29.650000000000002,105.16666666666667,1.3008333333333333,0.0,0.48541666666666666,157.58333333333334,97.08333333333333
2023-02-22,65.85000000000001,40.36666666666667,660.8333333333334,21.7,18.525000000000002,100.83333333333333,1.2012500000000002,0.0,0.5,136.75,82.625
2023-02-23,57.92083333333333,36.625,576.0,31.15833333333333,18.904166666666665,63.916666666666664,0.9458333333333333,0.0,0.5812499999999999,112.33333333333333,72.375
2023-02-24,40.55416666666667,27.425,622.0,22.7625,12.608333333333334,54.625,0.7883333333333334,0.0,0.5333333333333333,90.08333333333333,64.75
2023-02-25,38.550000000000004,26.879166666666666,627.5,20.758333333333333,7.320833333333333,75.04166666666667,0.44416666666666665,0.375,1.5208333333333333,76.83333333333333,56.875
2023-02-26,53.833333333333336,37.574999999999996,727.125,30.670833333333334,17.458333333333332,74.20833333333333,0.5008333333333334,0.4583333333333333,1.71875,91.33333333333333,65.20833333333333
2023-02-27,78.65833333333333,54.020833333333336,931.5416666666666,48.9625,18.616666666666667,67.79166666666667,0.6608333333333333,0.25,1.1812500000000001,135.20833333333334,79.5
2023-02-28,83.55416666666666,55.824999999999996,910.5833333333334,45.775,21.258333333333333,71.0,0.69,0.0,1.0229166666666667,151.08333333333334,86.70833333333333
2023-03-01,57.25416666666666,38.375,739.2916666666666,45.300000000000004,20.041666666666668,40.125,0.7491666666666666,0.0,0.7000000000000001,111.91666666666667,72.16666666666667
2023-03-02,91.70416666666667,62.666666666666664,1095.625,52.875,24.570833333333336,58.625,1.1504166666666666,0.0,0.9833333333333334,136.625,80.625
2023-03-03,98.85416666666667,65.66250000000001,913.2083333333334,45.97083333333333,26.3625,78.79166666666667,1.3687500000000001,0.0,0.7041666666666666,158.29166666666666,96.91666666666667
2023-03-04,83.7,57.49166666666667,1146.0,47.23333333333333,17.195833333333333,72.79166666666667,1.4966666666666668,0.0,0.7479166666666667,129.95833333333334,78.875
2023-03-05,161.45416666666668,112.1375,2102.2916666666665,76.85,32.958333333333336,87.375,1.6183333333333334,0.0,0.8083333333333332,175.04166666666666,122.45833333333333
2023-03-06,97.96666666666665,65.6625,806.875,28.708333333333332,27.22083333333333,97.54166666666667,1.72,0.0,0.6270833333333333,164.20833333333334,106.04166666666667
2023-03-07,52.51666666666667,33.52916666666667,539.375,24.875,15.6875,85.08333333333333,1.55375,0.0,0.4875,123.41666666666667,76.79166666666667
2023-03-08,48.71666666666667,31.075,506.4166666666667,32.1875,18.020833333333332,63.625,1.2958333333333334,0.0,0.6645833333333334,89.45833333333333,64.45833333333333
2023-03-09,87.875,58.50833333333333,970.1666666666666,54.270833333333336,24.083333333333332,48.333333333333336,1.0779166666666666,0.0,1.2375,125.83333333333333,76.625
2023-03-10,68.9875,46.29583333333333,544.5833333333334,32.0625,20.349999999999998,69.45833333333333,1.0925,0.0,1.1166666666666667,144.125,82.83333333333333
2023-03-11,57.574999999999996,36.81666666666667,483.7916666666667,30.320833333333336,16.708333333333332,57.666666666666664,1.1233333333333333,0.0,0.5479166666666667,111.66666666666667,72.08333333333333
2023-03-12,81.19583333333334,54.2125,626.375,29.724999999999998,20.254166666666666,70.875,1.5429166666666667,0.25,0.5916666666666667,127.41666666666667,77.25
2023-03-13,92.575,64.32083333333334,877.5833333333334,27.275000000000002,16.212500000000002,56.916666666666664,1.1754166666666668,5.666666666666667,0.5416666666666666,143.0,82.33333333333333
2023-03-14,126.60833333333333,87.5,1758.7083333333333,53.237500000000004,36.612500000000004,92.875,1.1241666666666668,1.2916666666666667,1.4291666666666665,168.20833333333334,111.33333333333333
2023-03-15,66.2,41.770833333333336,614.1666666666666,33.854166666666664,19.170833333333334,65.58333333333333,1.1875,0.0,0.3958333333333333,144.08333333333334,87.04166666666667
2023-03-16,44.36666666666667,28.40833333333333,472.5416666666667,30.708333333333332,18.9375,61.291666666666664,0.9625,0.0,0.7458333333333332,103.41666666666667,69.375
2023-03-17,34.5875,23.233333333333334,385.7083333333333,25.59166666666667,14.195833333333333,53.0,0.96375,0.0,0.7666666666666666,71.5,47.833333333333336
2023-03-18,36.770833333333336,24.316666666666666,369.7916666666667,26.795833333333334,15.4,48.958333333333336,1.0516666666666665,0.0,0.6666666666666666,76.91666666666667,58.333333333333336
2023-03-19,32.704166666666666,21.78333333333333,337.0,28.479166666666668,15.358333333333334,39.041666666666664,1.03375,0.0,0.6729166666666667,74.33333333333333,53.75
2023-03-20,38.416666666666664,25.920833333333334,348.0,25.95,13.529166666666667,43.208333333333336,1.0991666666666666,0.0,0.6,70.0,45.875
2023-03-21,65.05833333333334,44.25,564.4166666666666,37.5375,18.266666666666666,68.04166666666667,0.9291666666666667,0.0,1.0958333333333334,93.875,66.20833333333333
2023-03-22,77.24583333333334,53.00416666666666,742.25,36.762499999999996,16.058333333333334,96.04166666666667,0.6708333333333334,0.0,1.8937499999999998,143.20833333333334,81.75
2023-03-23,83.78333333333333,56.69583333333333,779.8333333333334,42.80833333333334,20.1125,111.83333333333333,0.9233333333333333,0.125,1.8541666666666667,151.08333333333334,81.58333333333333
2023-03-24,78.67916666666666,52.050000000000004,515.8333333333334,26.724999999999998,18.779166666666665,83.83333333333333,1.7754166666666666,0.0,1.325,151.41666666666666,87.5
2023-03-25,64.57916666666667,43.729166666666664,533.0416666666666,25.724999999999998,11.470833333333333,58.333333333333336,1.8870833333333332,0.0,0.25,133.16666666666666,79.08333333333333
2023-03-26,44.666666666666664,31.083333333333332,526.375,19.087500000000002,9.041666666666666,55.916666666666664,1.455,0.0,0.4458333333333333,98.08333333333333,67.45833333333333
2023-03-27,41.516666666666666,29.099999999999998,486.2916666666667,17.404166666666665,8.266666666666667,52.458333333333336,1.4766666666666666,0.0,0.4083333333333334,90.83333333333333,64.91666666666667
2023-03-28,61.020833333333336,42.75416666666666,562.4166666666666,23.983333333333334,14.887500000000001,39.583333333333336,1.6229166666666668,0.0,0.28750000000000003,101.83333333333333,68.75
2023-03-29,78.54583333333333,54.92083333333333,761.6666666666666,29.599999999999998,15.995833333333332,35.458333333333336,2.0195833333333333,0.125,0.4770833333333333,123.5,75.91666666666667
2023-03-30,83.83749999999999,58.65,923.5416666666666,38.80416666666667,19.916666666666668,32.791666666666664,2.0920833333333335,0.0,0.4041666666666666,150.375,85.08333333333333
2023-03-31,138.54166666666666,96.5125,1275.125,65.05416666666666,32.020833333333336,36.583333333333336,2.250833333333333,0.0,0.3354166666666667,164.58333333333334,106.54166666666667
2023-04-01,125.40833333333335,87.175,1019.9166666666666,62.09583333333333,34.170833333333334,28.333333333333332,2.247916666666667,0.0,0.25625000000000003,169.375,113.95833333333333
2023-04-02,55.916666666666664,37.987500000000004,517.8333333333334,39.800000000000004,15.679166666666667,38.416666666666664,2.0141666666666667,0.0,0.46875,146.25,89.16666666666667
2023-04-03,58.25833333333333,39.3375,554.875,32.27916666666667,16.054166666666667,86.25,1.25125,0.0,1.41875,109.25,69.79166666666667
2023-04-04,69.94166666666666,47.50833333333333,632.5833333333334,35.55833333333333,18.708333333333332,100.0,1.3054166666666667,0.0,1.2833333333333334,127.54166666666667,74.29166666666667
2023-04-05,92.19583333333333,61.94583333333333,616.9166666666666,34.483333333333334,23.833333333333332,100.91666666666667,1.5508333333333333,0.25,1.375,149.875,82.875
2023-04-06,49.362500000000004,33.63333333333333,416.1666666666667,19.920833333333334,15.358333333333334,64.625,1.39,0.0,1.0250000000000001,138.70833333333334,82.79166666666667
2023-04-07,64.29583333333333,44.88333333333333,516.3333333333334,25.429166666666664,18.970833333333335,55.416666666666664,2.314583333333333,0.0,0.375,92.0,65.33333333333333
2023-04-08,113.24166666666667,78.77916666666667,496.125,24.625,21.7375,51.875,2.7541666666666664,0.875,0.10625,156.29166666666666,96.54166666666667
2023-04-09,125.66250000000001,87.68333333333334,614.6666666666666,32.041666666666664,23.2625,41.75,1.795,0.75,0.24791666666666667,162.70833333333334,103.66666666666667
2023-04-10,128.44583333333333,89.0,868.4583333333334,43.520833333333336,28.712500000000002,52.708333333333336,2.3591666666666664,0.0,0.39166666666666666,166.20833333333334,109.16666666666667
2023-04-11,96.54166666666667,66.3,863.375,48.59166666666667,24.741666666666664,51.833333333333336,2.01125,0.0,0.4083333333333334,165.75,108.29166666666667
2023-04-12,85.05833333333334,57.34166666666667,572.9583333333334,38.21666666666667,18.333333333333332,50.208333333333336,2.6791666666666667,0.2916666666666667,0.18333333333333335,142.70833333333334,82.95833333333333
2023-04-13,58.35,39.475,523.9166666666666,33.983333333333334,16.483333333333334,40.875,2.499166666666667,0.0,0.11458333333333333,140.58333333333334,82.58333333333333
2023-04-14,61.42916666666667,41.199999999999996,550.6666666666666,33.97083333333333,16.466666666666665,41.083333333333336,2.4516666666666667,0.0,0.13958333333333334,110.04166666666667,71.625
2023-04-15,70.85000000000001,49.05416666666667,840.5,36.47083333333333,13.549999999999999,49.208333333333336,1.8720833333333333,0.0,0.6770833333333334,118.125,74.16666666666667
2023-04-16,129.80416666666667,90.90416666666665,1355.8333333333333,62.775,26.195833333333336,77.625,1.9662499999999998,0.4583333333333333,0.6395833333333333,157.95833333333334,98.16666666666667
2023-04-17,77.8,53.425000000000004,618.25,31.879166666666666,18.650000000000002,68.125,1.9854166666666666,0.0,0.4479166666666667,159.625,99.04166666666667
2023-04-18,77.16250000000001,52.708333333333336,685.625,30.445833333333336,16.320833333333333,103.16666666666667,1.6658333333333333,0.0,1.0854166666666667,142.29166666666666,78.91666666666667
2023-04-19,101.70833333333333,69.02916666666667,819.5833333333334,39.93333333333333,22.920833333333334,101.125,1.7229166666666667,0.0,1.23125,154.29166666666666,86.625
2023-04-20,108.62916666666666,73.25416666666666,842.625,40.141666666666666,24.308333333333334,101.20833333333333,1.9554166666666666,0.0,0.7354166666666666,159.25,98.29166666666667
2023-04-21,117.27083333333333,80.10000000000001,810.25,31.275000000000002,22.729166666666668,128.04166666666666,2.23375,0.0,1.09375,170.91666666666666,102.75
2023-04-22,71.90416666666667,48.42083333333333,659.6666666666666,29.333333333333332,19.3375,97.5,1.8429166666666665,0.0,1.1166666666666667,156.83333333333334,92.58333333333333
2023-04-23,51.21666666666667,34.4625,538.6666666666666,27.495833333333334,16.791666666666668,81.16666666666667,1.4091666666666667,0.0,1.1812500000000001,115.33333333333333,72.25
2023-04-24,40.925000000000004,27.72083333333333,430.9166666666667,25.212500000000002,13.670833333333334,50.125,1.6541666666666668,0.0,0.6458333333333334,94.75,66.58333333333333
2023-04-25,39.13333333333333,27.133333333333336,445.5833333333333,21.825,7.7250000000000005,42.916666666666664,1.0975,0.0,0.36874999999999997,83.29166666666667,62.166666666666664
2023-04-26,53.375,37.295833333333334,741.9583333333334,43.62916666666666,20.6,68.91666666666667,0.8954166666666666,0.0,1.2833333333333334,86.95833333333333,63.625
2023-04-27,55.74583333333334,37.77916666666667,681.6666666666666,37.458333333333336,23.34583333333333,80.16666666666667,0.965,0.0,1.0854166666666667,122.83333333333333,75.70833333333333
2023-04-28,27.537499999999998,17.766666666666666,454.25,22.2375,12.629166666666668,66.375,0.8529166666666667,0.0,1.2666666666666668,75.5,50.625
2023-04-29,31.733333333333334,21.708333333333332,450.75,23.34583333333333,12.758333333333333,58.541666666666664,0.9545833333333333,0.125,0.5604166666666667,66.70833333333333,40.666666666666664
2023-04-30,60.854166666666664,42.22083333333333,642.4583333333334,40.96666666666667,14.108333333333334,61.75,0.7658333333333333,5.5,1.5062499999999999,81.16666666666667,58.875
2023-05-01,114.87083333333334,80.125,1063.4583333333333,55.25416666666666,30.325,121.70833333333333,0.9083333333333333,2.8333333333333335,1.7708333333333333,167.79166666666666,96.91666666666667
2023-05-02,47.0375,30.754166666666666,457.125,20.825,18.666666666666668,86.08333333333333,0.5975,0.16666666666666666,1.4124999999999999,135.20833333333334,83.08333333333333
2023-05-03,24.15833333333333,15.983333333333334,339.5833333333333,17.9375,13.945833333333333,49.5,0.6058333333333333,0.0,1.5270833333333333,68.5,43.583333333333336
2023-05-04,36.545833333333334,24.633333333333336,346.2083333333333,16.979166666666668,14.6,79.70833333333333,0.5666666666666667,0.0,2.264583333333333,70.125,44.708333333333336
2023-05-05,53.487500000000004,36.65416666666666,568.4166666666666,24.745833333333334,18.479166666666668,122.125,0.5570833333333333,0.0,2.58125,125.04166666666667,68.70833333333333
2023-05-06,58.09583333333333,40.0,671.375,33.800000000000004,13.279166666666667,118.16666666666667,0.4704166666666667,0.0,2.6020833333333333,129.08333333333334,72.25
2023-05-07,43.550000000000004,29.083333333333332,425.9583333333333,15.758333333333333,14.416666666666666,102.875,0.88,0.0,2.0104166666666665,102.45833333333333,67.95833333333333
2023-05-08,40.81666666666667,28.462500000000002,459.75,19.366666666666667,11.354166666666666,63.5,0.75875,0.0,0.45,89.125,64.20833333333333
2023-05-09,51.8375,35.625,519.5,23.925,17.208333333333332,85.45833333333333,0.9541666666666666,0.0,0.96875,92.33333333333333,65.16666666666667
2023-05-10,44.75,30.133333333333336,520.8333333333334,32.22083333333333,13.987499999999999,67.20833333333333,0.8612500000000001,0.0,1.0979166666666667,95.33333333333333,66.58333333333333
2023-05-11,31.383333333333336,21.616666666666664,464.1666666666667,28.599999999999998,9.254166666666666,48.041666666666664,0.4925,0.0,0.4583333333333333,83.54166666666667,61.416666666666664
2023-05-12,37.329166666666666,26.087500000000002,541.4583333333334,25.537499999999998,7.545833333333333,59.833333333333336,0.36541666666666667,0.0,0.41875,69.95833333333333,45.583333333333336
2023-05-13,37.74166666666667,26.416666666666668,479.0,21.1375,7.908333333333334,71.625,0.25625000000000003,0.0,0.8333333333333334,82.75,62.0
2023-05-14,64.31666666666668,45.00416666666666,927.75,39.675,11.104166666666666,66.83333333333333,0.37375,0.0,1.9937500000000001,90.45833333333333,64.66666666666667
2023-05-15,112.62083333333334,78.22083333333333,1511.75,54.32916666666666,27.358333333333334,83.45833333333333,0.8020833333333334,0.0,1.0729166666666667,159.5,100.625
2023-05-16,44.775,30.041666666666668,489.875,26.833333333333332,14.470833333333333,91.25,0.5945833333333334,0.0,2.0458333333333334,126.08333333333333,75.79166666666667
2023-05-17,52.06666666666666,35.5625,609.7083333333334,33.37083333333333,16.087500000000002,94.54166666666667,0.4283333333333333,0.6666666666666666,2.3958333333333335,106.54166666666667,67.125
2023-05-18,62.49166666666667,42.98333333333333,646.8333333333334,37.40833333333333,20.991666666666667,109.29166666666667,0.47041666666666665,0.625,2.28125,130.20833333333334,72.375
2023-05-19,121.61666666666667,83.52916666666667,780.1666666666666,22.504166666666666,25.025000000000002,144.75,0.8525,0.375,1.95625,162.875,91.33333333333333
2023-05-20,74.64166666666667,50.22083333333333,564.5833333333334,19.3625,22.370833333333334,137.25,0.7062499999999999,0.7083333333333334,1.9666666666666668,172.0,92.95833333333333
2023-05-21,54.74166666666667,36.737500000000004,464.3333333333333,14.195833333333333,16.875,138.83333333333334,0.62125,0.6666666666666666,2.1145833333333335,147.29166666666666,76.0
2023-05-22,58.55833333333334,39.78333333333333,484.8333333333333,15.608333333333334,18.433333333333334,137.54166666666666,0.5479166666666667,1.2916666666666667,2.2958333333333334,128.41666666666666,69.79166666666667
2023-05-23,59.04583333333333,39.93333333333333,432.625,12.9125,18.26666666666667,119.08333333333333,1.0525,0.5416666666666666,1.0625,118.16666666666667,73.625
2023-05-24,61.7125,42.020833333333336,478.5416666666667,19.808333333333334,17.345833333333335,103.25,1.1075,0.25,0.7583333333333333,117.625,74.04166666666667
2023-05-25,53.9125,36.88333333333333,459.75,20.462500000000002,15.016666666666666,110.54166666666667,0.8725,0.0,1.5395833333333335,123.45833333333333,71.58333333333333
2023-05-26,36.34166666666667,24.425,477.125,30.166666666666668,12.883333333333333,65.625,0.5366666666666666,0.0,1.0979166666666667,92.20833333333333,65.45833333333333
2023-05-27,33.4125,21.983333333333334,409.2083333333333,26.170833333333334,11.424999999999999,69.66666666666667,0.4916666666666667,0.0,1.625,74.04166666666667,54.708333333333336
2023-05-28,36.612500000000004,24.266666666666666,372.25,27.099999999999998,13.8375,55.333333333333336,0.3645833333333333,0.0,1.5875000000000001,69.5,45.916666666666664
2023-05-29,48.45416666666667,32.575,448.5833333333333,26.40833333333333,18.004166666666666,90.0,0.3979166666666667,0.0,2.160416666666667,99.66666666666667,65.29166666666667
2023-05-30,39.699999999999996,26.75833333333333,391.6666666666667,19.058333333333334,18.7375,94.16666666666667,0.365,0.0,2.3375,101.875,64.91666666666667
2023-05-31,37.69166666666667,25.570833333333336,404.7916666666667,23.370833333333334,21.329166666666666,59.875,0.27375,0.0,2.5812500000000003,81.70833333333333,61.416666666666664
2023-06-01,39.300000000000004,26.97083333333333,390.8333333333333,17.7625,15.616666666666667,85.125,0.39916666666666667,0.0,2.025,78.75,59.583333333333336
2023-06-02,50.37916666666666,34.5875,430.375,13.091666666666667,14.9625,149.83333333333334,0.5658333333333333,0.0,1.8062500000000001,129.04166666666666,68.95833333333333
2023-06-03,49.762499999999996,33.99583333333333,460.3333333333333,17.183333333333334,18.491666666666667,128.625,0.6354166666666666,0.0,1.695833333333333,127.5,69.125
2023-06-04,61.25416666666666,42.0625,534.8333333333334,24.495833333333334,19.675,94.91666666666667,0.69,0.0,1.1791666666666667,107.41666666666667,69.66666666666667
2023-06-05,66.8875,46.09166666666667,516.0,19.920833333333334,16.583333333333332,108.875,0.7937500000000001,0.0,1.5562500000000001,127.70833333333333,75.75
2023-06-06,47.887499999999996,33.275,401.6666666666667,17.920833333333334,13.520833333333334,84.66666666666667,0.6220833333333333,0.0,1.3854166666666667,121.45833333333333,75.33333333333333
2023-06-07,53.875,37.44583333333333,425.625,17.745833333333334,13.975,110.33333333333333,0.8529166666666667,0.0,1.5916666666666668,102.875,65.375
2023-06-08,64.375,44.925000000000004,495.2083333333333,20.245833333333334,14.404166666666667,106.20833333333333,0.8933333333333334,0.0,1.29375,135.75,79.75
2023-06-09,43.50833333333333,30.454166666666666,465.5,24.366666666666664,11.475,91.45833333333333,0.5504166666666667,0.0,1.7395833333333333,95.79166666666667,65.54166666666667
2023-06-10,84.15833333333333,58.8375,749.8333333333334,37.65833333333333,23.379166666666666,106.45833333333333,0.7408333333333333,0.25,1.8791666666666667,132.41666666666666,76.79166666666667
2023-06-11,106.98333333333333,74.74166666666666,602.0833333333334,17.583333333333332,24.245833333333334,117.29166666666667,1.0554166666666667,0.125,1.7854166666666667,156.375,93.95833333333333
2023-06-12,128.67499999999998,89.71249999999999,677.6666666666666,20.474999999999998,22.758333333333336,137.625,1.5295833333333333,0.25,1.075,174.375,107.95833333333333
2023-06-13,79.80416666666666,55.71666666666667,680.625,30.833333333333332,23.520833333333332,82.875,0.74375,0.0,1.1270833333333334,157.95833333333334,96.58333333333333
2023-06-14,67.96666666666667,47.5625,540.125,17.474999999999998,15.799999999999999,124.125,0.76125,0.0,1.58125,144.08333333333334,78.20833333333333
2023-06-15,71.10833333333333,49.729166666666664,618.9583333333334,21.279166666666665,17.425,132.58333333333334,0.6979166666666666,0.0,1.5645833333333332,152.75,80.95833333333333
2023-06-16,77.89583333333333,54.09583333333333,648.8333333333334,35.5375,24.429166666666664,108.16666666666667,0.6283333333333333,0.0,1.5770833333333334,156.75,85.54166666666667
2023-06-17,46.06666666666666,31.7375,521.25,33.270833333333336,16.6125,84.625,0.7258333333333334,0.5,1.2041666666666668,113.70833333333333,70.625
2023-06-18,36.954166666666666,25.191666666666666,451.5,32.0,13.691666666666668,68.83333333333333,0.5845833333333333,0.375,1.1729166666666666,86.08333333333333,63.125
2023-06-19,47.71666666666667,33.079166666666666,567.9166666666666,38.42916666666667,15.770833333333334,78.5,0.5554166666666667,0.3333333333333333,1.125,89.66666666666667,63.5
2023-06-20,58.75,40.90833333333333,586.9166666666666,32.916666666666664,12.433333333333332,92.33333333333333,0.73375,0.08333333333333333,1.0625,112.375,69.91666666666667
2023-06-21,66.59166666666667,46.229166666666664,706.6666666666666,41.15416666666667,14.441666666666668,90.25,0.7275,0.0,1.1791666666666667,134.70833333333334,77.20833333333333
2023-06-22,64.73333333333333,44.84166666666667,737.875,47.9125,16.283333333333335,77.20833333333333,0.6845833333333333,0.0,1.0895833333333333,122.875,75.125
2023-06-23,53.5375,37.34166666666667,549.25,34.458333333333336,12.8125,66.91666666666667,0.6533333333333333,0.0,0.88125,116.58333333333333,73.79166666666667
2023-06-24,36.25,25.354166666666668,565.7083333333334,41.391666666666666,10.308333333333334,31.25,0.5308333333333334,0.0,0.5187499999999999,95.04166666666667,66.5
2023-06-25,43.9625,30.791666666666668,708.625,43.03333333333333,11.3125,41.25,0.35833333333333334,0.0,0.6958333333333333,76.20833333333333,56.0
2023-06-26,60.9375,42.604166666666664,777.9166666666666,56.050000000000004,21.170833333333334,53.291666666666664,0.5270833333333333,0.0,1.175,113.125,72.625
2023-06-27,37.90833333333333,25.945833333333336,456.5416666666667,29.125,14.733333333333334,43.083333333333336,0.43124999999999997,0.0,0.8624999999999999,96.70833333333333,67.04166666666667
2023-06-28,39.229166666666664,25.9875,373.5,15.466666666666667,19.933333333333334,81.66666666666667,0.4916666666666667,0.0,1.8,83.125,60.875
2023-06-29,38.983333333333334,26.229166666666668,362.7916666666667,14.9625,22.875,103.58333333333333,0.4141666666666666,0.0,2.2270833333333333,102.54166666666667,62.75
2023-06-30,39.416666666666664,26.7625,417.2083333333333,14.129166666666668,20.9875,120.33333333333333,0.43291666666666667,0.0,2.1625,108.41666666666667,64.375
2023-07-01,44.19583333333333,30.71666666666667,420.4166666666667,14.325000000000001,21.354166666666668,122.70833333333333,0.45625,0.0,2.064583333333333,119.66666666666667,67.0
2023-07-02,45.76666666666667,31.925,412.875,14.570833333333333,20.537499999999998,113.29166666666667,0.5187499999999999,0.125,2.1875,116.66666666666667,67.5
2023-07-03,43.77916666666667,30.545833333333334,416.5,15.291666666666666,22.445833333333336,111.0,0.4466666666666667,0.0,2.2916666666666665,118.91666666666667,68.08333333333333
2023-07-04,41.34583333333333,28.833333333333332,439.4166666666667,17.425,25.370833333333334,99.0,0.41041666666666665,0.0,2.4791666666666665,105.33333333333333,65.375
2023-07-05,71.27916666666667,49.52916666666667,585.7916666666666,20.7625,35.27916666666667,118.0,0.62375,0.0,2.25,135.75,74.75
2023-07-06,33.5625,23.120833333333334,362.2916666666667,14.908333333333333,23.9375,105.0,0.25,0.0,2.6041666666666665,118.08333333333333,69.08333333333333
2023-07-07,34.35,23.495833333333334,334.7083333333333,12.858333333333334,21.520833333333332,116.16666666666667,0.27875,0.0,2.55625,96.33333333333333,57.375
2023-07-08,35.475,23.875,323.5416666666667,12.333333333333334,18.616666666666667,112.5,0.445,0.25,2.2604166666666665,96.45833333333333,58.833333333333336
2023-07-09,45.083333333333336,30.516666666666666,432.5416666666667,15.75,21.866666666666664,116.54166666666667,0.5229166666666667,0.0,2.00625,103.75,62.208333333333336
2023-07-10,36.375,24.962500000000002,413.125,15.266666666666666,22.058333333333334,106.95833333333333,0.32,0.0,2.277083333333333,112.5,67.20833333333333
2023-07-11,30.96666666666667,21.6125,374.0416666666667,14.924999999999999,23.129166666666666,104.54166666666667,0.26791666666666664,0.0,2.4979166666666663,94.875,54.5
2023-07-12,34.9375,24.270833333333332,399.75,16.691666666666666,24.03333333333333,100.375,0.27291666666666664,0.0,2.5375,88.54166666666667,57.0
2023-07-13,34.71666666666667,24.120833333333334,408.0833333333333,16.545833333333334,20.508333333333333,94.45833333333333,0.26666666666666666,0.0,2.7583333333333333,85.45833333333333,59.458333333333336
2023-07-14,51.38333333333333,35.42916666666667,464.5416666666667,16.929166666666667,25.233333333333334,117.75,0.5504166666666667,0.0,2.1083333333333334,108.41666666666667,63.583333333333336
2023-07-15,46.875,32.65,473.4166666666667,16.8,23.61666666666667,96.875,0.6854166666666667,0.0,1.6645833333333335,104.16666666666667,69.54166666666667
2023-07-16,61.01666666666667,41.670833333333334,837.0833333333334,29.95,24.145833333333332,84.29166666666667,0.4708333333333334,5.125,2.347916666666667,104.04166666666667,68.83333333333333
2023-07-17,50.458333333333336,33.887499999999996,666.25,21.320833333333333,18.087500000000002,92.0,0.39083333333333337,4.958333333333333,2.50625,112.54166666666667,72.375
2023-07-18,40.15,27.541666666666668,575.5416666666666,19.679166666666667,17.770833333333332,68.79166666666667,0.25458333333333333,0.375,0.41041666666666665,94.875,66.45833333333333
2023-07-19,52.84166666666667,36.487500000000004,511.375,21.075,28.891666666666666,78.5,0.7654166666666667,0.375,0.8791666666666668,83.125,60.833333333333336
2023-07-20,51.27916666666667,35.425000000000004,569.1666666666666,21.96666666666667,31.2375,87.29166666666667,0.5854166666666667,0.125,1.3104166666666666,98.75,67.5
2023-07-21,78.54166666666667,54.30416666666667,712.8333333333334,25.979166666666668,36.275,84.33333333333333,0.6525,0.0,1.5687499999999999,132.83333333333334,78.875
2023-07-22,80.21666666666667,55.40416666666667,713.9166666666666,27.429166666666664,38.225,89.5,0.6191666666666666,0.0,2.19375,150.66666666666666,86.41666666666667
2023-07-23,35.84166666666667,24.512500000000003,373.375,18.133333333333333,24.708333333333332,67.58333333333333,0.2758333333333333,0.0,2.5187500000000003,103.625,68.625
2023-07-24,33.3125,22.4875,350.1666666666667,17.220833333333335,22.537499999999998,64.75,0.30416666666666664,0.0,2.3625,75.125,54.958333333333336
2023-07-25,36.291666666666664,24.72083333333333,396.625,18.9875,24.4875,66.58333333333333,0.2808333333333333,0.0,2.377083333333333,77.33333333333333,55.875
2023-07-26,40.483333333333334,27.583333333333332,395.4166666666667,17.8,24.8,87.25,0.3204166666666667,0.0,2.470833333333333,95.25,61.625
2023-07-27,58.64166666666667,40.6875,587.5416666666666,21.554166666666664,25.224999999999998,101.375,0.68,0.0,2.214583333333333,110.83333333333333,66.79166666666667
2023-07-28,63.333333333333336,44.300000000000004,596.4166666666666,16.05,25.270833333333332,117.20833333333333,0.9195833333333333,0.0,1.7854166666666667,136.95833333333334,79.08333333333333
2023-07-29,104.74166666666667,73.33333333333333,856.1666666666666,23.974999999999998,40.324999999999996,144.75,1.1908333333333334,0.0,1.4979166666666668,160.45833333333334,83.58333333333333
2023-07-30,78.45,54.24166666666667,627.6666666666666,20.516666666666666,34.17916666666667,98.75,0.7970833333333333,0.0,1.7979166666666666,157.75,95.91666666666667
2023-07-31,49.175000000000004,33.99166666666667,470.8333333333333,19.95,24.641666666666666,68.0,0.7183333333333333,0.0,1.0458333333333334,109.95833333333333,71.41666666666667
2023-08-01,72.65416666666667,50.725,625.2083333333334,24.770833333333332,39.675000000000004,70.25,1.0129166666666667,0.0,0.7729166666666667,114.83333333333333,73.125
2023-08-02,69.9625,48.895833333333336,566.0,20.479166666666668,52.03333333333333,89.5,1.0,0.0,1.2583333333333333,147.58333333333334,84.33333333333333
2023-08-03,36.53333333333333,25.47083333333333,462.5833333333333,20.104166666666668,29.558333333333334,69.16666666666667,0.435,0.0,1.1708333333333334,97.45833333333333,66.5
2023-08-04,50.96666666666667,35.6625,648.8333333333334,28.858333333333334,29.84583333333333,64.41666666666667,0.41958333333333336,0.0,0.7729166666666667,84.95833333333333,62.708333333333336
2023-08-05,62.333333333333336,43.6625,769.7916666666666,32.045833333333334,36.77916666666667,78.20833333333333,0.58375,0.125,1.09375,129.16666666666666,77.75
2023-08-06,46.25,32.43333333333333,610.75,27.545833333333334,29.579166666666666,72.79166666666667,0.39375,0.25,1.6291666666666667,100.625,66.95833333333333
2023-08-07,40.725,28.670833333333334,522.0,23.041666666666668,25.275000000000002,74.95833333333333,0.3829166666666666,0.20833333333333334,2.091666666666667,96.625,65.5
2023-08-08,50.25,35.24166666666667,579.2083333333334,23.516666666666666,27.9875,95.375,0.37958333333333333,0.4583333333333333,2.4208333333333334,114.66666666666667,68.66666666666667
2023-08-09,48.59166666666667,34.074999999999996,593.6666666666666,25.383333333333336,27.016666666666666,88.41666666666667,0.32958333333333334,0.5,1.9749999999999999,105.875,66.33333333333333
2023-08-10,83.3625,58.42916666666667,950.7916666666666,32.550000000000004,33.5,85.79166666666667,0.6416666666666667,0.0,1.4895833333333333,131.66666666666666,78.66666666666667
2023-08-11,79.12083333333334,55.487500000000004,817.2916666666666,22.97083333333333,30.466666666666665,107.33333333333333,0.8624999999999999,0.0,1.5958333333333334,157.375,86.95833333333333
2023-08-12,68.60000000000001,48.15833333333333,603.5833333333334,18.0125,29.116666666666664,109.41666666666667,0.8295833333333333,0.08333333333333333,1.6979166666666667,143.08333333333334,79.79166666666667
2023-08-13,98.0,68.67916666666666,798.9166666666666,20.333333333333332,34.975,136.29166666666666,0.8833333333333333,0.0,1.9270833333333333,166.33333333333334,86.95833333333333
2023-08-14,84.41250000000001,59.112500000000004,689.2083333333334,19.429166666666667,38.858333333333334,114.08333333333333,1.0204166666666665,0.0,1.1812500000000001,161.91666666666666,92.33333333333333
2023-08-15,68.98333333333333,48.270833333333336,610.2083333333334,18.779166666666665,34.699999999999996,110.125,0.9566666666666667,0.0,1.075,140.5,80.83333333333333
2023-08-16,87.75,61.25,728.7916666666666,21.275000000000002,34.40833333333334,123.08333333333333,0.8295833333333333,0.5,1.9854166666666666,159.91666666666666,84.625
2023-08-17,111.14166666666667,77.6375,942.0833333333334,27.570833333333336,40.5875,131.5,0.7958333333333334,0.4583333333333333,1.9854166666666666,174.625,97.375
2023-08-18,81.2625,56.82083333333333,803.0416666666666,25.716666666666665,29.791666666666668,99.33333333333333,0.6691666666666666,0.125,1.6604166666666667,154.58333333333334,90.75
2023-08-19,69.4,48.55416666666667,716.0,21.870833333333334,31.71666666666667,108.5,0.8779166666666667,0.0,1.3499999999999999,144.91666666666666,83.125
2023-08-20,65.43333333333334,45.75833333333333,821.3333333333334,29.77916666666667,34.916666666666664,69.0,0.8258333333333333,0.0,0.775,127.75,77.25
2023-08-21,84.66666666666667,58.65416666666667,902.25,29.358333333333334,37.13333333333333,97.66666666666667,0.7041666666666666,0.0,1.9375,150.16666666666666,86.04166666666667
2023-08-22,80.90416666666667,56.35,741.7083333333334,23.525000000000002,35.920833333333334,117.75,0.7266666666666667,0.0,2.0166666666666666,159.70833333333334,83.54166666666667
2023-08-23,66.45,46.5,610.7916666666666,20.645833333333332,31.733333333333334,108.75,0.8095833333333333,0.0,1.9520833333333334,147.95833333333334,79.75
2023-08-24,58.675000000000004,40.608333333333334,463.0,17.725,28.587500000000002,83.45833333333333,0.9316666666666666,0.0,0.9437500000000001,122.91666666666667,75.66666666666667
2023-08-25,66.64999999999999,46.19166666666666,524.6666666666666,19.033333333333335,32.862500000000004,97.58333333333333,0.74375,0.0,1.9041666666666666,121.0,73.375
2023-08-26,86.3,60.1625,738.4583333333334,22.849999999999998,36.295833333333334,109.45833333333333,0.8395833333333335,0.0,1.4666666666666668,154.625,84.95833333333333
2023-08-27,60.15833333333333,42.104166666666664,643.5416666666666,21.708333333333332,25.837500000000002,105.375,0.6170833333333333,0.375,1.7833333333333332,148.20833333333334,80.375
2023-08-28,37.237500000000004,26.141666666666666,510.0833333333333,15.783333333333333,15.4125,81.70833333333333,0.5129166666666667,0.0,1.4291666666666665,95.45833333333333,66.29166666666667
2023-08-29,31.483333333333334,22.025000000000002,582.4583333333334,14.295833333333334,15.025,77.29166666666667,0.35000000000000003,0.0,2.38125,77.66666666666667,57.291666666666664
2023-08-30,43.38333333333333,29.891666666666666,601.5833333333334,15.275,15.129166666666668,82.625,0.40166666666666667,0.375,2.316666666666667,81.125,58.708333333333336
2023-08-31,53.89166666666667,37.49583333333333,934.875,29.40833333333333,22.079166666666666,77.16666666666667,0.31708333333333333,0.0,2.43125,92.75,65.25
2023-09-01,59.15833333333333,41.208333333333336,1031.0,32.09583333333333,23.808333333333334,79.54166666666667,0.3120833333333333,0.0,2.1854166666666663,115.0,73.0
2023-09-02,47.92083333333333,33.324999999999996,852.75,27.2625,21.7375,79.20833333333333,0.23791666666666667,0.0,2.495833333333333,105.5,69.875
2023-09-03,47.80833333333334,32.99166666666667,628.7083333333334,22.22083333333333,19.15,69.58333333333333,0.32375000000000004,0.125,0.68125,102.70833333333333,69.29166666666667
2023-09-04,29.058333333333334,19.966666666666665,409.375,14.166666666666666,13.133333333333333,57.416666666666664,0.33625,0.0,1.2541666666666667,72.875,49.541666666666664
2023-09-05,50.49583333333333,34.85,713.125,26.212500000000002,23.099999999999998,76.83333333333333,0.4708333333333334,0.0,2.0104166666666665,80.0,54.875
2023-09-06,90.19166666666666,62.47083333333333,1168.5416666666667,41.375,39.387499999999996,89.625,0.6316666666666667,0.0,1.8979166666666665,139.79166666666666,81.54166666666667
2023-09-07,74.175,51.416666666666664,886.2916666666666,27.729166666666668,29.566666666666666,94.375,0.76125,0.0,2.0875,153.0,89.33333333333333
2023-09-08,49.90416666666667,34.829166666666666,654.0416666666666,22.058333333333334,20.675,77.04166666666667,0.6666666666666666,0.0,2.002083333333333,111.375,72.0
2023-09-09,47.074999999999996,32.895833333333336,562.2916666666666,18.412499999999998,22.058333333333334,96.91666666666667,0.7000000000000001,0.0,1.96875,100.41666666666667,66.95833333333333
2023-09-10,52.824999999999996,36.925000000000004,577.4583333333334,18.316666666666666,23.620833333333334,93.08333333333333,0.6679166666666667,0.0,1.3,99.54166666666667,67.95833333333333
2023-09-11,52.04583333333333,36.4,617.1666666666666,20.341666666666665,23.541666666666668,89.375,0.6791666666666667,0.0,1.4833333333333334,95.04166666666667,66.45833333333333
2023-09-12,58.4125,40.858333333333334,662.7916666666666,22.662499999999998,27.28333333333333,78.375,0.7466666666666667,0.0,0.6770833333333334,117.125,73.875
2023-09-13,26.558333333333334,18.641666666666666,442.9583333333333,15.404166666666667,13.674999999999999,53.75,0.33375,0.0,0.27291666666666664,89.375,62.708333333333336
2023-09-14,18.825,13.1875,457.4166666666667,12.595833333333333,12.975,59.291666666666664,0.35833333333333334,0.0,0.6437499999999999,58.208333333333336,33.166666666666664
2023-09-15,39.13333333333333,27.379166666666666,661.4583333333334,20.729166666666668,19.270833333333332,69.79166666666667,0.3741666666666667,0.0,0.9874999999999999,56.166666666666664,37.25
2023-09-16,55.30416666666667,38.59583333333333,684.1666666666666,22.054166666666664,29.629166666666666,81.29166666666667,0.515,0.0,1.4625000000000001,104.375,69.41666666666667
2023-09-17,55.25833333333333,38.30833333333333,570.9583333333334,23.620833333333334,36.895833333333336,66.5,0.5079166666666667,0.0,1.59375,108.875,71.25
2023-09-18,56.67916666666667,39.28333333333333,520.1666666666666,22.195833333333336,34.17916666666667,77.33333333333333,0.62125,0.0,1.4874999999999998,107.375,70.75
2023-09-19,44.00833333333333,30.40416666666667,480.5,20.345833333333335,25.229166666666668,65.04166666666667,0.52375,0.0,1.1416666666666666,101.41666666666667,68.91666666666667
2023-09-20,43.06666666666666,29.104166666666668,472.0416666666667,20.575,23.304166666666664,66.08333333333333,0.47500000000000003,0.0,1.14375,82.33333333333333,61.75
2023-09-21,40.545833333333334,27.84166666666667,478.7083333333333,21.825,26.724999999999998,65.79166666666667,0.30791666666666667,0.0,2.0375,87.5,63.541666666666664
2023-09-22,47.5,32.391666666666666,518.875,22.266666666666666,27.47083333333333,67.45833333333333,0.315,0.0,2.0458333333333334,92.79166666666667,65.08333333333333
2023-09-23,50.90416666666667,34.579166666666666,490.4166666666667,21.329166666666666,29.3125,78.29166666666667,0.3841666666666667,0.0,1.9145833333333335,97.0,65.58333333333333
2023-09-24,57.44166666666666,38.55416666666667,547.625,20.9875,32.09166666666667,85.33333333333333,0.38458333333333333,0.0,1.9645833333333333,109.79166666666667,70.75
2023-09-25,63.225,43.637499999999996,596.5,23.395833333333332,35.46666666666667,70.375,0.5008333333333334,0.0,1.0916666666666666,122.375,75.58333333333333
2023-09-26,36.362500000000004,25.21666666666667,416.4583333333333,17.14166666666667,20.654166666666665,49.083333333333336,0.305,0.0,0.39166666666666666,99.625,67.95833333333333
2023-09-27,24.96666666666667,17.220833333333335,364.375,17.45,20.266666666666666,41.166666666666664,0.2658333333333333,0.0,0.5541666666666667,63.041666666666664,37.5
2023-09-28,38.725,26.804166666666664,533.1666666666666,23.7375,24.52916666666667,48.208333333333336,0.3083333333333333,0.0,0.8708333333333332,64.875,40.208333333333336
2023-09-29,56.458333333333336,38.84583333333333,588.5833333333334,23.72083333333333,35.0625,88.0,0.68,0.0,1.1541666666666666,96.04166666666667,65.66666666666667
2023-09-30,105.64166666666667,73.29166666666667,850.2916666666666,25.724999999999998,46.07083333333333,107.91666666666667,0.76125,0.0,1.7041666666666666,151.70833333333334,87.20833333333333
2023-10-01,102.46666666666665,70.71666666666667,886.625,28.433333333333334,45.17916666666667,86.25,0.57,0.0,1.7625,161.83333333333334,102.41666666666667
2023-10-02,67.30833333333334,45.60833333333333,691.4583333333334,26.1125,32.125,77.75,0.3983333333333334,0.0,1.7708333333333333,140.125,82.70833333333333
2023-10-03,79.35833333333333,53.92916666666667,764.125,26.09583333333333,33.887499999999996,86.45833333333333,0.48625,0.0,1.7354166666666666,131.125,77.875
2023-10-04,64.37083333333334,43.800000000000004,577.5,21.349999999999998,30.712500000000002,92.66666666666667,0.44125,0.0,2.033333333333333,141.33333333333334,81.5
2023-10-05,61.354166666666664,41.458333333333336,634.8333333333334,23.6875,29.945833333333336,76.625,0.415,0.0,1.9000000000000001,115.83333333333333,73.16666666666667
2023-10-06,52.833333333333336,36.19166666666667,517.75,20.070833333333333,33.75,81.125,0.6466666666666666,0.0,1.6833333333333333,109.125,70.54166666666667
2023-10-07,47.262499999999996,32.65,554.5416666666666,13.354166666666666,22.141666666666666,73.91666666666667,0.9679166666666666,0.0,0.3354166666666667,102.125,69.0
2023-10-08,19.6875,13.708333333333334,490.625,10.008333333333333,12.887500000000001,73.04166666666667,0.30083333333333334,0.0,1.9604166666666665,74.91666666666667,51.958333333333336
2023-10-09,18.616666666666667,13.008333333333333,427.9166666666667,11.1875,13.262500000000001,65.25,0.17208333333333334,0.0,1.9083333333333332,52.625,31.333333333333332
2023-10-10,17.683333333333334,12.2875,364.5416666666667,9.275,11.695833333333333,62.291666666666664,0.21916666666666665,0.0,0.775,50.333333333333336,27.416666666666668
2023-10-11,23.6125,16.462500000000002,453.875,11.558333333333332,15.725,64.70833333333333,0.3066666666666667,0.0,1.3583333333333334,52.625,30.5
2023-10-12,39.30833333333333,27.329166666666666,539.1666666666666,18.95,25.2375,55.791666666666664,0.35333333333333333,0.0,0.5979166666666667,70.45833333333333,46.875
2023-10-13,59.81666666666666,41.5375,714.2083333333334,23.2,28.3125,74.16666666666667,0.4970833333333333,0.0,1.5250000000000001,89.625,64.25
2023-10-14,50.84166666666667,34.71666666666667,602.9583333333334,11.266666666666666,19.079166666666666,79.125,0.6420833333333333,0.0,1.5354166666666667,123.45833333333333,76.04166666666667
2023-10-15,31.162499999999998,21.65833333333333,564.0833333333334,14.441666666666668,16.570833333333333,65.91666666666667,0.30624999999999997,0.0,1.3166666666666667,81.91666666666667,58.666666666666664
2023-10-16,56.03333333333333,38.920833333333334,913.7916666666666,27.95,24.954166666666666,68.70833333333333,0.48875,0.0,1.5104166666666667,82.04166666666667,58.125
2023-10-17,79.03333333333333,55.01666666666667,1276.125,41.86666666666667,35.81666666666667,75.95833333333333,0.4575,0.0,1.4437499999999999,130.16666666666666,77.08333333333333
2023-10-18,87.28750000000001,60.61666666666667,1363.25,44.49583333333334,36.604166666666664,73.08333333333333,0.4320833333333333,0.0,1.5104166666666667,153.70833333333334,90.16666666666667
2023-10-19,44.5,30.7,850.5833333333334,24.22083333333333,22.587500000000002,58.458333333333336,0.25833333333333336,0.0,1.5979166666666667,140.70833333333334,82.29166666666667
2023-10-20,16.904166666666665,11.775,388.2083333333333,7.8374999999999995,9.466666666666667,75.20833333333333,0.18541666666666667,0.0,1.70625,56.333333333333336,39.25
2023-10-21,24.358333333333334,16.779166666666665,438.25,12.879166666666668,14.995833333333332,67.95833333333333,0.16833333333333333,0.7916666666666666,0.43333333333333335,47.125,28.666666666666668
2023-10-22,50.07916666666667,34.541666666666664,653.375,21.65833333333333,31.145833333333332,59.791666666666664,0.2808333333333333,0.375,0.47500000000000003,77.58333333333333,53.75
2023-10-23,81.08333333333333,55.98333333333333,986.7916666666666,39.13333333333333,42.608333333333334,57.458333333333336,0.3770833333333334,0.0,0.7520833333333333,118.0,74.16666666666667
2023-10-24,96.25416666666666,66.30833333333334,1090.4583333333333,38.079166666666666,48.574999999999996,68.58333333333333,0.3754166666666667,0.0,1.4229166666666666,156.625,94.45833333333333
2023-10-25,86.59583333333335,58.5875,995.6666666666666,35.041666666666664,41.7625,69.58333333333333,0.38999999999999996,0.0,1.5520833333333333,155.41666666666666,92.79166666666667
2023-10-26,65.29166666666667,43.22083333333333,784.5416666666666,31.945833333333336,37.34166666666667,65.41666666666667,0.31958333333333333,0.0,1.7333333333333334,124.33333333333333,76.16666666666667
2023-10-27,71.83333333333333,48.03333333333333,789.5416666666666,32.85,39.9375,73.25,0.42625,0.0,1.6270833333333332,123.08333333333333,75.66666666666667
2023-10-28,45.60833333333333,31.104166666666668,527.2916666666666,19.162499999999998,23.683333333333334,60.833333333333336,0.7875,0.0,0.99375,117.33333333333333,73.83333333333333
2023-10-29,25.3,17.6875,466.1666666666667,13.950000000000001,18.191666666666666,53.416666666666664,0.24250000000000002,0.0,0.28125,75.125,52.916666666666664
2023-10-30,38.25833333333333,26.491666666666664,619.4166666666666,17.8125,19.116666666666667,67.58333333333333,0.30416666666666664,0.0,1.5229166666666665,63.958333333333336,43.5
2023-10-31,52.479166666666664,36.4375,821.1666666666666,27.041666666666668,27.354166666666668,70.125,0.3445833333333333,0.0,1.4520833333333334,90.95833333333333,64.875
2023-11-01,79.69583333333334,55.42916666666667,1082.4166666666667,35.5875,40.854166666666664,84.04166666666667,0.5041666666666667,0.0,1.45625,132.0,78.125
2023-11-02,81.89166666666667,55.166666666666664,778.1666666666666,23.479166666666668,31.71666666666667,99.95833333333333,0.6333333333333333,0.375,1.3416666666666668,152.29166666666666,85.875
2023-11-03,51.30416666666667,33.199999999999996,526.5833333333334,21.941666666666666,26.97083333333333,73.95833333333333,0.4595833333333333,0.0,1.1479166666666667,121.25,75.125
2023-11-04,33.479166666666664,21.804166666666664,384.6666666666667,19.304166666666667,23.5,64.79166666666667,0.4245833333333333,0.0,0.8458333333333333,82.375,59.541666666666664
2023-11-05,36.704166666666666,24.40833333333333,427.3333333333333,20.641666666666666,25.191666666666666,67.375,0.39208333333333334,0.0,1.3104166666666666,73.54166666666667,52.291666666666664
2023-11-06,30.375,20.641666666666666,386.4166666666667,16.325,23.337500000000002,55.041666666666664,0.4033333333333333,0.0,0.6208333333333333,75.70833333333333,56.5
2023-11-07,63.854166666666664,44.15833333333333,738.7916666666666,26.504166666666666,31.395833333333332,72.875,0.6783333333333333,0.0,0.8458333333333333,73.0,50.541666666666664
2023-11-08,75.41250000000001,51.21666666666667,803.4166666666666,28.09166666666667,38.17916666666667,72.625,0.5941666666666666,0.0,0.9541666666666666,149.29166666666666,87.08333333333333
2023-11-09,45.137499999999996,29.537499999999998,447.8333333333333,23.304166666666664,29.7375,60.791666666666664,0.49833333333333335,0.0,1.2354166666666666,102.875,69.08333333333333
2023-11-10,32.35,21.929166666666664,415.4166666666667,22.6875,27.308333333333334,46.875,0.30624999999999997,0.0,1.3187499999999999,80.08333333333333,58.583333333333336
2023-11-11,44.65416666666667,29.916666666666668,428.5416666666667,21.675,29.03333333333333,57.416666666666664,0.36041666666666666,0.0,1.20625,81.20833333333333,59.416666666666664
2023-11-12,24.5,16.70416666666667,410.6666666666667,14.916666666666666,23.008333333333336,42.583333333333336,0.32625,0.0,0.9145833333333333,75.625,52.916666666666664
2023-11-13,11.091666666666667,7.745833333333334,456.6666666666667,10.370833333333334,12.704166666666666,31.166666666666668,0.245,0.0,0.17500000000000002,48.083333333333336,24.416666666666668
2023-11-14,26.233333333333334,18.162499999999998,617.5833333333334,15.745833333333332,18.150000000000002,46.833333333333336,0.3354166666666667,0.0,0.9770833333333333,40.875,23.916666666666668
2023-11-15,52.833333333333336,36.104166666666664,795.5,24.691666666666666,31.983333333333334,31.625,0.47583333333333333,0.0,0.5395833333333333,78.41666666666667,53.875
2023-11-16,22.995833333333334,15.729166666666666,455.4583333333333,8.966666666666667,13.070833333333333,49.916666666666664,0.30875,0.375,0.45208333333333334,91.25,62.416666666666664
2023-11-17,31.320833333333336,21.641666666666666,637.4583333333334,18.995833333333334,18.429166666666667,53.0,0.14416666666666667,0.5833333333333334,1.5208333333333333,57.583333333333336,33.958333333333336
2023-11-18,59.09166666666667,41.262499999999996,1013.75,33.47083333333333,32.75833333333333,50.666666666666664,0.15833333333333333,0.125,1.5104166666666667,82.83333333333333,60.291666666666664
2023-11-19,81.07083333333334,56.708333333333336,1344.9583333333333,43.88333333333333,38.0375,52.666666666666664,0.2354166666666667,0.0,1.2604166666666667,138.45833333333334,80.75
2023-11-20,101.21666666666665,70.66250000000001,1436.875,45.68333333333334,50.137499999999996,70.91666666666667,0.3516666666666666,0.0,1.3499999999999999,154.75,91.66666666666667
2023-11-21,86.825,58.60833333333333,989.0416666666666,31.541666666666668,43.53333333333333,82.625,0.30833333333333335,0.0,1.3583333333333334,157.125,95.33333333333333
2023-11-22,104.38333333333333,67.02083333333333,975.3333333333334,31.766666666666666,37.84583333333333,70.33333333333333,0.53875,0.0,0.9791666666666666,150.16666666666666,85.41666666666667
2023-11-23,119.14166666666667,80.0625,1305.9166666666667,38.35,45.99583333333334,61.833333333333336,0.8945833333333333,0.0,1.0,161.375,101.625
2023-11-24,98.8125,67.45,1142.125,33.40833333333333,40.525,65.625,0.8325,0.0,1.0916666666666666,162.33333333333334,103.125
2023-11-25,83.22500000000001,53.487500000000004,775.6666666666666,25.78333333333333,35.22083333333333,78.20833333333333,0.56375,0.0,1.15625,150.20833333333334,86.41666666666667
2023-11-26,89.22916666666667,57.37083333333334,960.0833333333334,29.129166666666666,36.40416666666667,67.125,0.5383333333333333,0.125,0.9625,140.875,81.5
2023-11-27,110.62916666666666,74.58333333333333,1375.25,42.020833333333336,46.025,69.5,0.7854166666666668,0.375,0.9666666666666667,155.58333333333334,92.875
2023-11-28,92.77083333333333,63.762499999999996,1244.9583333333333,33.6875,38.00833333333333,82.33333333333333,0.5383333333333333,0.625,1.3125,159.125,98.45833333333333
2023-11-29,103.90833333333335,69.125,1047.0,27.520833333333332,38.5,94.375,0.6533333333333333,0.16666666666666666,0.9020833333333332,154.625,91.5
2023-11-30,83.71249999999999,56.112500000000004,871.3333333333334,23.583333333333332,37.862500000000004,54.083333333333336,0.5683333333333334,0.0,0.4041666666666666,156.08333333333334,93.75
2023-12-01,52.541666666666664,35.545833333333334,683.5,11.379166666666668,22.979166666666668,46.666666666666664,0.6175,0.0,0.24166666666666667,114.25,72.95833333333333
2023-12-02,55.99166666666667,38.079166666666666,704.4583333333334,17.2625,25.162499999999998,33.25,0.6445833333333334,0.0,0.24375,97.45833333333333,67.29166666666667
2023-12-03,46.1875,31.729166666666668,743.5,18.666666666666668,23.599999999999998,21.5,0.5416666666666666,0.0,0.27291666666666664,109.29166666666667,71.33333333333333
2023-12-04,28.337500000000002,19.620833333333334,675.8333333333334,16.849999999999998,21.295833333333334,25.125,0.49124999999999996,0.0,0.32916666666666666,75.45833333333333,52.0
2023-12-05,61.737500000000004,42.916666666666664,977.0,29.991666666666664,42.637499999999996,31.208333333333332,0.6933333333333334,0.0,0.5104166666666666,78.125,52.458333333333336
2023-12-06,50.24583333333334,34.80833333333333,798.2916666666666,21.583333333333332,25.5625,41.416666666666664,0.4475,0.0,0.3770833333333334,126.08333333333333,76.79166666666667
2023-12-07,56.94166666666666,39.766666666666666,925.7083333333334,25.8,27.329166666666666,60.791666666666664,0.25666666666666665,0.0,1.275,94.5,66.33333333333333
2023-12-08,69.53750000000001,46.50833333333333,779.5416666666666,24.45,35.71666666666667,80.41666666666667,0.37916666666666665,0.0,1.1604166666666667,133.625,79.16666666666667
2023-12-09,56.88333333333333,37.666666666666664,687.2083333333334,22.941666666666666,32.1,75.66666666666667,0.4454166666666666,0.0,0.7520833333333333,114.25,72.83333333333333
2023-12-10,34.887499999999996,23.170833333333334,475.9166666666667,19.224999999999998,23.379166666666666,60.375,0.3983333333333334,0.0,0.5416666666666666,86.5,61.791666666666664
2023-12-11,36.1625,24.358333333333334,421.4583333333333,20.075,24.745833333333334,44.208333333333336,0.52625,0.0,0.6208333333333333,75.66666666666667,56.125
2023-12-12,37.82083333333333,25.804166666666664,425.6666666666667,20.316666666666666,30.212500000000002,46.25,0.5316666666666666,0.0,0.7208333333333333,78.83333333333333,60.166666666666664
2023-12-13,52.55416666666667,35.42916666666667,523.4583333333334,18.845833333333335,29.816666666666666,63.541666666666664,0.5,0.0,0.7645833333333333,87.08333333333333,63.625
2023-12-14,41.704166666666666,33.86666666666667,478.0,18.733333333333334,26.75,55.125,0.37833333333333335,0.0,0.78125,103.625,69.625
2023-12-15,39.22083333333333,31.575,453.2083333333333,21.004166666666666,26.15416666666667,43.208333333333336,0.41791666666666666,0.0,0.7854166666666668,91.125,65.08333333333333
2023-12-16,22.266666666666666,15.408333333333333,437.6666666666667,11.016666666666666,15.779166666666667,40.041666666666664,0.3445833333333333,0.0,0.3958333333333333,73.54166666666667,49.083333333333336
2023-12-17,27.333333333333332,19.054166666666667,394.4583333333333,9.975,16.108333333333334,45.958333333333336,0.22958333333333333,0.0,0.5708333333333333,59.333333333333336,32.875
2023-12-18,44.708333333333336,30.945833333333336,586.125,19.916666666666668,37.7125,25.75,0.3254166666666667,0.0,0.725,76.66666666666667,53.5
2023-12-19,20.224999999999998,14.058333333333332,514.875,10.633333333333333,15.441666666666668,28.916666666666668,0.235,0.0,0.38125000000000003,75.0,51.541666666666664
2023-12-20,32.670833333333334,22.8125,606.125,16.583333333333332,18.3625,43.625,0.3020833333333333,0.0,0.6375,55.458333333333336,29.875
2023-12-21,31.962500000000002,21.583333333333332,481.9166666666667,8.362499999999999,16.591666666666665,71.875,0.33499999999999996,0.0,0.65625,77.45833333333333,57.291666666666664
2023-12-22,46.729166666666664,30.366666666666664,577.9583333333334,9.754166666666666,18.770833333333332,72.95833333333333,0.36375,1.2916666666666667,1.1270833333333334,79.54166666666667,57.875
2023-12-23,53.19583333333333,36.141666666666666,648.5833333333334,16.6125,19.933333333333334,63.375,0.3358333333333334,0.4583333333333333,1.1541666666666666,90.20833333333333,64.75
2023-12-24,42.28333333333333,28.879166666666666,608.375,17.004166666666666,18.925,55.125,0.3095833333333333,0.0,0.5583333333333333,96.04166666666667,66.75
2023-12-25,53.3125,36.8,824.0833333333334,26.5625,30.970833333333335,55.25,0.26208333333333333,0.0,1.2625,87.66666666666667,63.666666666666664
2023-12-26,111.05833333333334,76.74166666666666,1443.4583333333333,45.65,57.68333333333334,47.166666666666664,0.41375,0.0,1.0708333333333333,144.0,86.5
2023-12-27,139.22916666666666,95.9875,1630.8333333333333,42.204166666666666,61.5625,76.25,0.5233333333333333,0.0,1.14375,168.91666666666666,113.29166666666667
2023-12-28,106.1375,72.33749999999999,1054.7083333333333,27.5625,46.29583333333333,75.75,0.40458333333333335,0.0,1.2041666666666666,165.25,107.375
2023-12-29,78.38333333333334,52.69583333333333,830.5,29.979166666666668,41.77916666666667,46.583333333333336,0.33875000000000005,0.0,0.9354166666666667,153.04166666666666,89.75
2023-12-30,69.90833333333333,47.75,780.7083333333334,32.454166666666666,43.74166666666667,38.125,0.4895833333333333,0.0,0.7479166666666667,136.29166666666666,80.04166666666667
2023-12-31,53.48333333333333,35.87083333333333,592.4166666666666,28.0,37.31666666666667,38.583333333333336,0.39749999999999996,0.0,0.7062499999999999,114.45833333333333,73.08333333333333
2024-01-01,68.58749999999999,45.74583333333334,604.375,23.3625,31.625,61.208333333333336,0.4991666666666667,0.25,0.8520833333333333,115.04166666666667,73.25
2024-01-02,50.84583333333333,33.49166666666667,497.6666666666667,17.849999999999998,26.058333333333334,73.58333333333333,0.57375,0.0,0.81875,109.41666666666667,71.33333333333333
2024-01-03,37.17916666666667,25.78333333333333,609.3333333333334,14.7875,15.637500000000001,56.833333333333336,0.4041666666666666,0.0,0.2708333333333333,82.625,61.083333333333336
2024-01-04,56.92083333333333,38.5625,790.2083333333334,25.02916666666667,33.69166666666667,47.875,0.5079166666666667,0.0,0.39999999999999997,91.54166666666667,65.125
2024-01-05,79.00416666666666,50.57916666666667,835.7916666666666,26.241666666666664,35.80833333333333,71.08333333333333,0.6720833333333333,0.0,0.4395833333333334,131.83333333333334,78.625
2024-01-06,48.520833333333336,31.504166666666666,627.8333333333334,22.854166666666668,30.816666666666666,58.125,0.47125,0.0,0.6583333333333333,110.75,71.625
2024-01-07,52.512499999999996,34.77916666666667,649.625,22.22083333333333,28.8,61.5,0.47041666666666665,0.0,0.8604166666666666,97.95833333333333,67.58333333333333
2024-01-08,45.7875,29.2625,489.875,18.254166666666666,25.84583333333333,73.58333333333333,0.5108333333333334,0.0,0.7145833333333332,93.08333333333333,65.875
2024-01-09,52.479166666666664,33.90833333333333,521.6666666666666,20.791666666666668,27.416666666666668,59.041666666666664,0.6766666666666666,0.0,0.6749999999999999,89.04166666666667,64.25
2024-01-10,26.0625,17.641666666666666,541.8333333333334,17.654166666666665,22.77916666666667,41.833333333333336,0.47541666666666665,0.0,0.20208333333333336,82.33333333333333,57.291666666666664
2024-01-11,30.22083333333333,20.9625,796.0416666666666,20.866666666666667,22.329166666666666,33.833333333333336,0.45999999999999996,0.0,0.1875,58.291666666666664,31.75
2024-01-12,35.862500000000004,24.554166666666664,900.25,22.59583333333333,22.7375,20.416666666666668,0.4679166666666667,0.0,0.15625,77.04166666666667,57.875
2024-01-13,40.28333333333333,27.183333333333334,770.3333333333334,23.854166666666668,25.891666666666666,41.708333333333336,0.5779166666666667,0.0,0.32916666666666666,77.5,58.041666666666664
2024-01-14,51.80833333333334,34.112500000000004,599.125,25.391666666666666,31.041666666666668,48.208333333333336,0.6004166666666667,0.0,0.34791666666666665,89.70833333333333,64.58333333333333
2024-01-15,55.4125,36.083333333333336,647.7916666666666,27.229166666666668,32.78333333333333,51.458333333333336,0.4366666666666667,0.0,1.0229166666666667,104.91666666666667,69.91666666666667
2024-01-16,48.770833333333336,30.474999999999998,552.75,25.258333333333336,29.825,57.0,0.44249999999999995,0.0,0.5791666666666667,95.04166666666667,66.66666666666667
2024-01-17,30.633333333333336,19.666666666666668,412.2083333333333,17.670833333333334,23.941666666666666,70.08333333333333,0.3745833333333333,0.0,0.8791666666666668,75.45833333333333,52.666666666666664
2024-01-18,30.15416666666667,19.741666666666667,404.625,18.837500000000002,25.72083333333333,67.95833333333333,0.4270833333333333,0.0,0.9562499999999999,65.83333333333333,39.333333333333336
2024-01-19,31.6875,21.3125,394.7916666666667,18.929166666666667,24.058333333333334,58.958333333333336,0.4429166666666667,0.0,0.8854166666666666,67.95833333333333,41.958333333333336
2024-01-20,33.55833333333333,22.866666666666664,418.25,15.200000000000001,22.037499999999998,52.208333333333336,0.5070833333333333,0.0,0.9604166666666667,73.25,51.75
2024-01-21,31.175,21.566666666666666,621.8333333333334,14.183333333333332,17.575,29.166666666666668,0.58875,0.0,0.25,71.25,47.958333333333336
2024-01-22,12.254166666666668,8.525,528.9166666666666,8.979166666666666,12.608333333333334,43.541666666666664,0.36041666666666666,0.0,0.225,55.958333333333336,31.375
2024-01-23,17.679166666666667,12.200000000000001,511.1666666666667,8.0,13.637500000000001,69.625,0.28625,0.0,0.28125,37.875,27.791666666666668
2024-01-24,27.2625,18.883333333333333,448.1666666666667,8.6625,15.5875,62.666666666666664,0.56875,0.125,0.5708333333333333,55.25,28.875
2024-01-25,31.333333333333332,21.6875,444.7916666666667,10.8125,16.858333333333334,56.625,0.5695833333333333,0.0,0.6062500000000001,69.04166666666667,43.916666666666664
2024-01-26,44.35833333333333,30.620833333333334,504.0,12.033333333333333,17.25,41.0,0.48875,0.0,0.4083333333333334,79.58333333333333,57.291666666666664
2024-01-27,34.82083333333333,24.150000000000002,504.4166666666667,12.904166666666667,14.858333333333334,35.458333333333336,0.38875,0.0,0.2354166666666667,86.33333333333333,63.125
2024-01-28,37.2875,25.766666666666666,506.3333333333333,12.950000000000001,15.125,44.916666666666664,0.4266666666666667,0.0,0.41041666666666665,73.20833333333333,51.708333333333336
2024-01-29,61.35833333333333,42.5875,875.2916666666666,24.616666666666664,30.675,31.041666666666668,0.4320833333333333,0.0,0.5395833333333333,90.95833333333333,65.0
2024-01-30,103.85000000000001,72.35416666666667,1456.125,44.262499999999996,58.833333333333336,27.791666666666668,0.8020833333333334,0.0,0.5499999999999999,149.45833333333334,88.33333333333333
2024-01-31,116.0125,80.95,1571.75,50.39166666666667,58.57916666666667,30.708333333333332,1.0570833333333334,0.0,0.37916666666666665,162.70833333333334,103.83333333333333
2024-02-01,63.74583333333334,43.96666666666667,829.6666666666666,33.93333333333333,35.9125,41.625,0.7720833333333333,0.0,0.48541666666666666,150.75,89.5
2024-02-02,35.300000000000004,24.258333333333336,415.1666666666667,16.095833333333335,19.333333333333332,57.791666666666664,0.5470833333333333,0.0,1.1791666666666667,97.75,67.08333333333333
2024-02-03,28.304166666666664,18.920833333333334,332.8333333333333,14.620833333333332,16.825,58.833333333333336,0.4875,0.0,0.8791666666666668,69.66666666666667,45.333333333333336
2024-02-04,34.31666666666667,23.579166666666666,366.875,14.579166666666666,17.745833333333334,68.25,0.5441666666666667,0.0,1.2125000000000001,64.625,42.291666666666664
2024-02-05,30.179166666666664,20.683333333333334,400.4583333333333,18.974999999999998,23.116666666666664,36.125,0.6333333333333333,0.0,0.35833333333333334,75.08333333333333,54.583333333333336
2024-02-06,28.820833333333336,19.804166666666667,487.875,21.333333333333332,25.991666666666664,27.166666666666668,0.5433333333333333,0.0,0.29375,68.20833333333333,41.916666666666664
2024-02-07,21.712500000000002,15.108333333333334,529.0833333333334,12.754166666666668,15.958333333333334,22.458333333333332,0.4779166666666667,0.0,0.36041666666666666,60.333333333333336,33.75
2024-02-08,24.875,17.170833333333334,458.0,9.141666666666667,13.195833333333333,43.541666666666664,0.42333333333333334,0.3333333333333333,0.46458333333333335,59.083333333333336,32.625
2024-02-09,36.041666666666664,24.191666666666666,453.2916666666667,9.875,11.475,57.208333333333336,0.6929166666666666,2.1666666666666665,0.4395833333333334,69.45833333333333,45.583333333333336
2024-02-10,70.72083333333333,47.708333333333336,791.6666666666666,20.254166666666666,21.058333333333334,50.708333333333336,0.6920833333333333,4.041666666666667,0.6749999999999999,94.58333333333333,65.75
2024-02-11,76.37083333333334,52.20416666666667,979.8333333333334,29.495833333333334,32.333333333333336,60.833333333333336,0.5129166666666667,2.0416666666666665,1.6041666666666667,137.33333333333334,80.375
2024-02-12,84.29166666666667,55.57916666666667,908.0416666666666,24.133333333333336,34.17916666666667,84.04166666666667,0.5783333333333334,0.375,1.3479166666666667,152.04166666666666,88.83333333333333
2024-02-13,58.45416666666667,37.637499999999996,551.2083333333334,17.295833333333334,23.2625,86.83333333333333,0.685,0.5833333333333334,0.7000000000000001,116.875,73.70833333333333
2024-02-14,45.949999999999996,29.95,462.2916666666667,16.2625,21.45,69.16666666666667,0.6383333333333333,1.0416666666666667,0.7416666666666667,101.125,68.58333333333333
2024-02-15,53.00416666666666,35.86666666666667,649.7916666666666,27.133333333333336,29.53333333333333,48.125,0.71375,0.7916666666666666,0.46875,82.58333333333333,61.833333333333336
2024-02-16,50.13333333333333,34.545833333333334,790.7916666666666,19.724999999999998,27.070833333333336,73.04166666666667,0.81,0.125,0.6604166666666667,107.625,70.79166666666667
2024-02-17,55.425000000000004,37.108333333333334,595.125,18.0125,22.366666666666664,69.0,0.765,0.7083333333333334,0.5416666666666666,108.25,71.04166666666667
2024-02-18,40.512499999999996,27.287499999999998,391.7083333333333,15.387500000000001,20.045833333333334,71.04166666666667,0.7216666666666667,0.125,0.9729166666666668,85.29166666666667,63.166666666666664
2024-02-19,41.05416666666667,28.1375,384.25,14.654166666666667,17.45,71.875,0.7445833333333334,0.0,0.975,82.91666666666667,62.208333333333336
2024-02-20,39.94583333333333,27.179166666666664,348.0,12.816666666666668,17.433333333333334,78.79166666666667,0.7554166666666666,0.0,1.1312499999999999,85.16666666666667,62.958333333333336
2024-02-21,41.99583333333333,28.275000000000002,398.9583333333333,14.341666666666667,19.904166666666665,88.625,0.69,0.0,1.5062499999999999,86.79166666666667,62.791666666666664
2024-02-22,35.84583333333333,24.2625,323.7916666666667,14.758333333333333,16.441666666666666,54.5,1.02125,0.0,0.5625,83.08333333333333,61.875
2024-02-23,31.2375,21.479166666666668,479.9583333333333,13.579166666666666,16.837500000000002,28.666666666666668,0.6770833333333334,0.0,0.3770833333333334,75.08333333333333,54.541666666666664
2024-02-24,17.404166666666665,12.1625,519.625,12.866666666666667,14.145833333333334,27.541666666666668,0.47041666666666665,0.0,0.3020833333333333,57.291666666666664,31.125
2024-02-25,29.483333333333334,20.508333333333333,581.2083333333334,15.299999999999999,17.495833333333334,29.791666666666668,0.6683333333333333,0.0,0.4270833333333333,55.833333333333336,29.375
2024-02-26,43.9375,30.516666666666666,591.5,17.133333333333333,23.020833333333332,23.25,0.5975,0.0,0.4875,86.75,61.666666666666664
2024-02-27,29.916666666666668,20.875,537.375,13.770833333333334,17.295833333333334,36.875,0.4870833333333333,0.0,0.5520833333333334,73.95833333333333,49.791666666666664
2024-02-28,48.47083333333333,33.800000000000004,765.1666666666666,28.96666666666667,47.90416666666667,19.333333333333332,0.7687499999999999,0.0,0.5104166666666666,82.375,59.041666666666664
2024-02-29,28.5125,19.920833333333334,658.2083333333334,16.404166666666665,20.3875,31.166666666666668,0.66125,0.0,0.39375,85.41666666666667,60.333333333333336
2024-03-01,48.52916666666667,32.74583333333333,539.0833333333334,9.666666666666666,14.716666666666667,52.208333333333336,0.7883333333333334,0.25,0.38125000000000003,74.875,50.375
2024-03-02,78.90416666666667,53.25416666666666,695.75,20.375,27.662499999999998,50.375,1.0245833333333334,0.6666666666666666,0.80625,112.54166666666667,72.25
2024-03-03,87.69583333333333,60.0375,970.4166666666666,34.895833333333336,49.458333333333336,40.75,1.1041666666666667,0.625,0.8270833333333334,155.625,93.33333333333333
2024-03-04,70.71249999999999,48.574999999999996,813.7916666666666,23.662499999999998,33.4375,97.5,0.7583333333333333,0.0,1.5229166666666665,136.25,77.54166666666667
2024-03-05,98.42083333333333,68.30416666666666,982.9166666666666,23.9375,31.295833333333334,126.08333333333333,0.57875,0.5,1.84375,160.29166666666666,83.91666666666667
2024-03-06,50.90416666666667,35.0375,734.7083333333334,14.137500000000001,18.470833333333335,76.16666666666667,0.5958333333333333,0.0,2.0375,144.41666666666666,87.04166666666667
2024-03-07,83.57083333333334,56.50833333333333,922.7916666666666,22.5625,30.754166666666666,59.458333333333336,1.47625,0.4166666666666667,0.3416666666666666,108.66666666666667,71.08333333333333
2024-03-08,99.65833333333335,68.21249999999999,885.7916666666666,23.662499999999998,35.52916666666667,45.75,1.8379166666666666,0.25,0.25833333333333336,155.75,93.125
2024-03-09,107.24583333333334,73.825,899.25,25.879166666666666,35.1,24.041666666666668,1.4941666666666666,0.0,0.26666666666666666,161.41666666666666,101.83333333333333
2024-03-10,44.15416666666667,30.90833333333333,786.1666666666666,23.616666666666664,30.954166666666666,33.0,0.8520833333333333,0.0,0.38958333333333334,122.70833333333333,77.25
2024-03-11,45.00416666666666,31.462500000000002,875.875,24.829166666666666,22.05,59.833333333333336,0.7666666666666666,0.0,1.5604166666666668,89.66666666666667,64.54166666666667
2024-03-12,83.65416666666667,57.9125,957.9583333333334,26.829166666666666,46.05416666666667,70.875,1.2529166666666667,0.25,0.9979166666666667,132.20833333333334,79.83333333333333
2024-03-13,66.14999999999999,43.88333333333333,684.1666666666666,25.316666666666666,31.241666666666664,71.29166666666667,1.3625,0.0,0.4166666666666667,131.70833333333334,78.66666666666667
2024-03-14,31.7,21.741666666666664,595.2916666666666,24.879166666666666,31.96666666666667,47.0,0.86625,0.0,0.29791666666666666,98.83333333333333,66.875
2024-03-15,39.454166666666666,26.875,541.8333333333334,23.46666666666667,23.787499999999998,49.291666666666664,1.0325,0.0,0.5437500000000001,72.91666666666667,50.625
2024-03-16,46.46666666666667,30.920833333333334,395.125,19.216666666666665,20.533333333333335,48.25,1.61125,0.0,0.39375,83.54166666666667,62.208333333333336
2024-03-17,45.525,30.8875,416.125,20.6375,20.283333333333335,43.791666666666664,1.7316666666666667,0.0,0.17500000000000002,96.0,66.83333333333333
2024-03-18,46.775,31.879166666666666,443.3333333333333,22.979166666666668,22.983333333333334,40.25,1.6929166666666668,0.0,0.25,88.54166666666667,64.125
2024-03-19,42.987500000000004,29.625,516.9583333333334,12.308333333333332,13.908333333333333,61.125,0.9395833333333333,0.7916666666666666,0.32916666666666666,86.95833333333333,63.5
2024-03-20,74.33333333333333,48.5625,718.75,25.59166666666667,29.3125,48.166666666666664,0.73375,13.041666666666666,0.6875,98.95833333333333,67.875
2024-03-21,103.9875,69.62083333333334,1038.625,34.49166666666667,51.479166666666664,78.91666666666667,0.8179166666666666,6.166666666666667,1.4583333333333333,155.95833333333334,95.20833333333333
2024-03-22,59.125,39.35,516.9583333333334,18.162499999999998,23.5625,82.375,1.0370833333333334,0.625,0.6666666666666666,136.58333333333334,81.625
2024-03-23,44.875,30.587500000000002,446.625,16.404166666666665,21.683333333333334,83.875,0.7841666666666667,0.0,1.1354166666666667,98.45833333333333,67.125
2024-03-24,44.36666666666667,29.833333333333332,416.7916666666667,15.891666666666666,19.291666666666668,74.70833333333333,0.9441666666666667,0.0,0.8687499999999999,86.54166666666667,63.458333333333336
2024-03-25,45.270833333333336,31.03333333333333,403.0,15.512500000000001,16.295833333333334,73.375,0.91375,0.125,1.1812500000000001,90.25,64.58333333333333
2024-03-26,53.87916666666666,36.074999999999996,383.5,17.8875,24.037499999999998,54.541666666666664,1.0508333333333333,0.4583333333333333,1.1895833333333334,94.04166666666667,66.08333333333333
2024-03-27,45.800000000000004,31.104166666666668,373.375,18.675,21.945833333333336,46.875,1.1508333333333334,0.0,0.9895833333333334,108.375,71.08333333333333
2024-03-28,51.37916666666666,35.44166666666667,513.25,23.133333333333336,22.425,47.875,1.2629166666666667,0.2916666666666667,0.68125,83.79166666666667,62.25
2024-03-29,66.42083333333333,46.19583333333333,704.5,27.15416666666667,33.02916666666667,59.791666666666664,1.2808333333333333,0.875,0.65625,118.08333333333333,74.16666666666667
2024-03-30,54.854166666666664,38.175000000000004,518.75,21.254166666666666,26.179166666666664,72.33333333333333,1.07125,0.0,0.7645833333333333,114.54166666666667,73.04166666666667
2024-03-31,97.2375,66.9375,590.8333333333334,15.987499999999999,21.7375,121.83333333333333,1.4454166666666666,0.25,1.2104166666666667,139.83333333333334,78.95833333333333
2024-04-01,74.10833333333333,49.824999999999996,623.75,15.683333333333332,24.7375,146.75,0.9899999999999999,1.7083333333333333,1.6937499999999999,174.33333333333334,89.58333333333333
2024-04-02,75.71249999999999,49.9625,621.4583333333334,15.387500000000001,23.245833333333334,150.45833333333334,1.1879166666666667,2.125,1.7229166666666667,161.25,81.20833333333333
2024-04-03,92.7375,61.56666666666666,652.5416666666666,15.424999999999999,24.483333333333334,154.125,1.5566666666666666,2.2916666666666665,1.5791666666666666,167.75,84.5
2024-04-04,68.28333333333333,45.22083333333333,562.9166666666666,13.804166666666667,21.295833333333334,143.16666666666666,1.5358333333333334,0.8333333333333334,1.7520833333333332,169.41666666666666,85.375
2024-04-05,67.87083333333334,44.57916666666667,544.75,16.162499999999998,25.079166666666666,63.541666666666664,2.42,0.0,0.2791666666666667,123.04166666666667,75.66666666666667
2024-04-06,56.104166666666664,35.208333333333336,403.875,18.5,24.775000000000002,59.458333333333336,2.345,0.08333333333333333,0.33125,121.04166666666667,75.25
2024-04-07,41.237500000000004,25.4375,368.0833333333333,20.212500000000002,25.412499999999998,56.833333333333336,1.8683333333333332,0.0,0.325,83.5,61.791666666666664
2024-04-08,47.39166666666667,32.44583333333333,748.25,25.22083333333333,25.895833333333332,39.166666666666664,1.64,0.0,0.3625,76.75,56.833333333333336
2024-04-09,87.95,60.9,922.9583333333334,33.795833333333334,37.795833333333334,36.583333333333336,2.1029166666666668,0.0,0.29791666666666666,130.125,78.375
2024-04-10,87.54583333333333,60.0625,907.4583333333334,38.733333333333334,45.550000000000004,46.166666666666664,2.125,0.25,0.59375,156.625,94.375
2024-04-11,55.175000000000004,37.416666666666664,482.375,21.733333333333334,26.879166666666666,52.041666666666664,1.4175000000000002,0.125,0.6625,125.16666666666667,76.66666666666667
2024-04-12,45.65833333333333,30.712500000000002,408.25,17.1875,22.429166666666664,57.708333333333336,1.2245833333333334,0.4583333333333333,0.975,95.5,66.66666666666667
2024-04-13,44.550000000000004,30.104166666666668,402.7916666666667,15.754166666666668,18.837500000000002,61.125,1.1941666666666666,0.25,0.7875,86.0,63.083333333333336
2024-04-14,58.987500000000004,39.791666666666664,425.75,16.529166666666665,19.633333333333333,83.125,1.2695833333333333,0.5,1.0125,100.04166666666667,67.83333333333333
2024-04-15,35.00416666666667,23.3,343.3333333333333,16.204166666666666,18.666666666666668,57.041666666666664,1.5025000000000002,0.0,0.7395833333333334,95.125,65.95833333333333
2024-04-16,39.50416666666667,26.883333333333336,330.375,15.2875,19.025000000000002,70.33333333333333,1.1670833333333335,0.0,0.8375,73.45833333333333,53.041666666666664
2024-04-17,49.2125,33.329166666666666,370.5416666666667,15.845833333333333,20.212500000000002,85.0,1.2383333333333333,0.25,0.8770833333333333,91.25,64.45833333333333
2024-04-18,49.925000000000004,34.1625,464.6666666666667,16.4875,25.145833333333332,109.41666666666667,1.3966666666666667,0.7083333333333334,1.1895833333333334,120.45833333333333,69.16666666666667
2024-04-19,58.975,39.2875,525.4166666666666,15.329166666666666,25.920833333333334,141.125,1.2566666666666666,0.3333333333333333,1.4645833333333333,136.625,71.95833333333333
2024-04-20,47.95416666666667,31.804166666666664,504.5833333333333,15.275,20.3,103.91666666666667,1.0670833333333334,0.4166666666666667,1.5229166666666665,111.95833333333333,70.25
2024-04-21,59.21666666666667,39.074999999999996,511.5,14.7125,23.054166666666664,109.54166666666667,1.5250000000000001,1.0833333333333333,1.1041666666666667,105.875,67.33333333333333
2024-04-22,62.42916666666667,41.36666666666667,525.0416666666666,18.141666666666666,25.34166666666667,94.29166666666667,1.7025,2.0833333333333335,0.7541666666666665,110.375,71.625
2024-04-23,52.375,35.65416666666667,515.75,20.654166666666665,31.2625,70.625,1.6416666666666666,0.7083333333333334,0.9145833333333333,104.25,69.54166666666667
2024-04-24,68.34583333333333,46.93333333333334,707.5833333333334,26.099999999999998,30.34583333333333,70.0,1.6220833333333333,1.0833333333333333,0.5104166666666666,125.66666666666667,76.625
2024-04-25,70.27083333333333,48.29583333333333,541.4583333333334,18.666666666666668,24.954166666666666,109.25,1.2795833333333333,0.9583333333333334,1.3187499999999999,129.95833333333334,74.625
2024-04-26,91.08333333333333,62.77916666666667,698.9583333333334,17.583333333333332,26.670833333333334,140.75,0.9254166666666667,0.7083333333333334,1.8291666666666666,166.16666666666666,85.54166666666667
2024-04-27,84.82916666666667,56.79583333333333,752.8333333333334,20.275000000000002,26.59583333333333,132.41666666666666,0.7804166666666666,4.208333333333333,2.316666666666667,165.33333333333334,88.66666666666667
2024-04-28,79.625,53.69166666666666,688.0833333333334,15.158333333333333,25.195833333333336,157.29166666666666,0.9237500000000001,1.125,2.15,176.54166666666666,85.95833333333333
2024-04-29,97.63333333333333,65.47916666666667,626.75,14.725,26.175,165.75,1.54125,0.5833333333333334,1.54375,176.20833333333334,87.29166666666667
2024-04-30,101.48333333333333,68.83333333333333,813.9166666666666,18.620833333333334,28.96666666666667,169.625,1.2483333333333333,1.6666666666666667,1.8854166666666667,186.625,94.08333333333333
2024-05-01,61.949999999999996,42.42916666666667,556.875,12.266666666666666,20.8125,93.41666666666667,2.223333333333333,1.125,0.2791666666666667,142.625,85.08333333333333
2024-05-02,81.175,55.90416666666667,650.375,20.770833333333332,29.545833333333334,66.625,2.2220833333333334,0.6666666666666666,0.2333333333333333,132.79166666666666,78.83333333333333
2024-05-03,50.46666666666667,34.61666666666667,623.125,26.1125,32.49166666666667,58.625,1.6483333333333334,0.0,0.3145833333333333,137.95833333333334,81.29166666666667
2024-05-04,73.51666666666667,49.63333333333333,466.4583333333333,16.116666666666667,26.03333333333333,119.41666666666667,1.2483333333333333,0.875,1.477083333333333,121.25,70.625
2024-05-05,58.80416666666667,40.50833333333333,649.5833333333334,19.716666666666665,29.083333333333332,77.29166666666667,1.3433333333333335,0.9166666666666666,0.48541666666666666,121.79166666666667,75.41666666666667
2024-05-06,72.89583333333333,50.15416666666667,665.0,25.325,37.824999999999996,75.70833333333333,1.2658333333333334,0.75,0.5895833333333332,142.29166666666666,82.41666666666667
2024-05-07,65.72500000000001,45.0875,614.0833333333334,26.691666666666666,33.19166666666667,66.25,1.19125,0.375,0.5791666666666667,120.41666666666667,74.875
2024-05-08,84.21249999999999,57.79583333333333,750.7083333333334,30.579166666666666,39.708333333333336,72.16666666666667,1.2316666666666667,0.0,0.9562499999999999,144.25,83.375
2024-05-09,54.15416666666667,37.208333333333336,440.0,17.970833333333335,28.02916666666667,74.20833333333333,1.0687499999999999,0.125,0.7687499999999999,128.625,77.66666666666667
2024-05-10,51.6,33.4375,486.8333333333333,17.829166666666666,26.766666666666666,96.08333333333333,0.755,1.0833333333333333,1.5958333333333332,101.08333333333333,68.20833333333333
2024-05-11,46.6625,31.52916666666667,432.5416666666667,18.283333333333335,27.291666666666668,84.375,0.6883333333333334,0.0,1.7270833333333335,94.58333333333333,65.41666666666667
2024-05-12,39.887499999999996,27.616666666666664,479.9166666666667,22.2,26.2,59.708333333333336,0.635,0.0,0.5520833333333334,87.125,63.625
2024-05-13,55.38333333333333,38.24583333333333,577.1666666666666,18.816666666666666,24.46666666666667,89.79166666666667,0.7270833333333333,2.5,0.9145833333333333,86.91666666666667,63.541666666666664
2024-05-14,80.57083333333334,55.25416666666666,634.8333333333334,18.462500000000002,37.166666666666664,130.16666666666666,0.7875,2.3333333333333335,1.7625,152.16666666666666,81.75
2024-05-15,48.512499999999996,32.4375,453.75,17.425,28.21666666666667,100.0,0.7979166666666666,0.0,1.5895833333333333,126.25,74.29166666666667
2024-05-16,54.30416666666667,35.93333333333333,473.7916666666667,16.358333333333334,28.075,103.66666666666667,0.6158333333333333,2.7083333333333335,1.6375,105.54166666666667,66.875
2024-05-17,61.74583333333334,39.35,561.0416666666666,21.991666666666664,32.36666666666667,93.79166666666667,0.6437499999999999,1.0416666666666667,1.6833333333333333,120.375,74.25
2024-05-18,36.00416666666667,23.329166666666666,386.1666666666667,17.283333333333335,22.308333333333334,70.83333333333333,0.7629166666666666,0.0,1.5104166666666667,86.5,62.875
2024-05-19,33.516666666666666,23.09166666666667,464.8333333333333,17.795833333333334,20.033333333333335,74.0,0.8650000000000001,0.0,1.05,70.54166666666667,48.958333333333336
2024-05-20,44.9375,31.354166666666668,719.5,25.02916666666667,23.11666666666667,80.83333333333333,0.49666666666666665,0.375,2.0229166666666667,81.45833333333333,59.208333333333336
2024-05-21,93.67083333333333,65.34166666666667,1064.9583333333333,35.25416666666667,38.30833333333333,103.91666666666667,0.94375,0.5833333333333334,1.5625,141.5,83.41666666666667
2024-05-22,75.22500000000001,52.574999999999996,699.5,20.875,32.59583333333333,110.08333333333333,0.9604166666666667,0.0,1.4729166666666667,152.54166666666666,87.5
2024-05-23,119.52083333333333,83.53333333333333,766.625,21.099999999999998,57.112500000000004,145.58333333333334,1.2033333333333334,0.125,1.4666666666666668,167.45833333333334,89.54166666666667
2024-05-24,86.18333333333334,59.791666666666664,670.5,19.670833333333334,42.98333333333333,102.95833333333333,0.6904166666666667,0.0,1.6083333333333334,164.0,105.79166666666667
2024-05-25,33.27916666666667,22.633333333333336,434.2083333333333,19.1875,25.974999999999998,69.41666666666667,0.37875,0.0,1.3145833333333334,99.875,67.25
2024-05-26,43.4125,29.837500000000002,446.5416666666667,19.158333333333335,29.733333333333334,101.04166666666667,0.4145833333333333,0.0,1.8708333333333333,95.45833333333333,57.208333333333336
2024-05-27,55.05833333333334,38.520833333333336,710.1666666666666,31.041666666666668,35.516666666666666,94.0,0.2754166666666667,0.0,2.2583333333333333,115.375,69.16666666666667
2024-05-28,67.19583333333334,46.9,701.75,28.087500000000002,40.72083333333333,98.25,0.6733333333333333,0.0,1.5979166666666667,127.95833333333333,74.70833333333333
2024-05-29,54.92916666666667,38.012499999999996,473.7916666666667,17.708333333333332,35.72083333333333,109.91666666666667,0.8533333333333334,0.0,1.9104166666666667,136.83333333333334,75.95833333333333
2024-05-30,31.46666666666667,21.616666666666664,364.4166666666667,12.679166666666667,19.7375,95.875,0.7533333333333333,0.375,0.8770833333333333,88.66666666666667,61.958333333333336
2024-05-31,37.7,26.366666666666664,640.75,19.358333333333334,18.8,77.45833333333333,0.3358333333333334,0.125,1.0645833333333334,63.291666666666664,42.916666666666664
2024-06-01,83.03750000000001,57.99166666666667,865.125,25.53333333333333,35.99166666666667,110.25,0.6958333333333333,0.375,2.0458333333333334,130.75,77.0
2024-06-02,75.03750000000001,52.09583333333333,659.8333333333334,19.2375,30.4375,127.66666666666667,0.9787500000000001,0.2916666666666667,1.7833333333333332,161.95833333333334,84.125
2024-06-03,56.01666666666667,39.175000000000004,544.0,16.587500000000002,27.245833333333334,111.91666666666667,0.90875,0.0,1.7208333333333332,138.45833333333334,76.5
2024-06-04,47.1,32.84583333333333,449.625,19.145833333333332,38.22083333333333,79.04166666666667,0.655,0.0,1.5062499999999999,102.66666666666667,69.25
2024-06-05,21.46666666666667,14.970833333333333,407.125,11.8125,20.908333333333335,73.58333333333333,0.5383333333333333,0.0,1.1604166666666667,79.25,55.666666666666664
2024-06-06,51.75416666666666,36.166666666666664,672.75,21.0,32.72083333333333,85.79166666666667,0.5491666666666667,0.0,0.9249999999999999,70.45833333333333,46.666666666666664
2024-06-07,80.84166666666667,56.50416666666666,825.9583333333334,29.254166666666666,47.2875,96.41666666666667,0.9404166666666667,0.0,1.7,148.79166666666666,84.66666666666667
2024-06-08,42.40833333333333,29.4875,463.375,19.395833333333332,28.025000000000002,89.79166666666667,0.7949999999999999,0.0,1.4333333333333333,116.45833333333333,70.91666666666667
2024-06-09,33.887499999999996,23.320833333333336,444.0416666666667,19.654166666666665,23.004166666666666,66.04166666666667,0.5120833333333333,0.0,0.6604166666666667,81.83333333333333,60.041666666666664
2024-06-10,41.43333333333333,28.337500000000002,481.125,20.229166666666668,22.191666666666666,73.25,0.64125,0.0,1.3208333333333333,79.08333333333333,59.833333333333336
2024-06-11,60.708333333333336,41.99583333333333,533.75,20.366666666666667,29.21666666666667,104.70833333333333,0.8112499999999999,0.25,1.710416666666667,117.75,69.625
2024-06-12,61.54583333333333,43.050000000000004,631.4166666666666,25.025000000000002,34.1875,106.75,0.5287499999999999,0.0,2.277083333333333,141.70833333333334,76.04166666666667
2024-06-13,36.704166666666666,25.7375,540.9166666666666,22.9375,24.816666666666666,82.95833333333333,0.2004166666666667,0.0,2.84375,104.75,67.83333333333333
2024-06-14,44.1875,30.933333333333334,549.0833333333334,23.620833333333334,24.379166666666666,68.04166666666667,0.24333333333333332,0.0,1.4895833333333333,76.20833333333333,55.708333333333336
2024-06-15,69.32083333333334,48.487500000000004,700.1666666666666,21.495833333333334,30.120833333333334,92.54166666666667,0.58,0.0,1.6104166666666666,111.70833333333333,72.08333333333333
2024-06-16,67.78333333333333,47.12083333333334,593.6666666666666,18.595833333333335,28.724999999999998,117.91666666666667,0.7454166666666667,0.2916666666666667,1.64375,149.29166666666666,81.20833333333333
2024-06-17,53.145833333333336,36.862500000000004,540.375,21.241666666666667,26.920833333333334,102.375,0.57125,0.25,1.55,126.41666666666667,72.125
2024-06-18,66.69166666666666,46.44583333333333,665.625,26.25,35.1625,81.25,0.5591666666666667,0.375,0.9708333333333333,116.70833333333333,73.75
2024-06-19,49.09583333333333,34.079166666666666,526.3333333333334,19.9375,30.229166666666668,109.125,0.4479166666666667,0.7083333333333334,2.060416666666667,136.25,74.66666666666667
2024-06-20,47.84166666666667,33.00833333333333,454.9583333333333,17.041666666666668,24.025000000000002,109.125,0.4920833333333334,0.9583333333333334,2.0124999999999997,112.16666666666667,67.125
2024-06-21,39.608333333333334,26.28333333333333,388.875,14.5875,20.641666666666666,104.20833333333333,0.5858333333333333,0.125,1.5645833333333332,99.25,65.0
2024-06-22,37.729166666666664,24.758333333333336,371.25,17.545833333333334,21.016666666666666,66.79166666666667,0.5275,0.0,1.0020833333333334,79.29166666666667,60.375
2024-06-23,39.875,26.916666666666668,394.5833333333333,20.670833333333334,30.8125,63.25,0.45875,0.0,1.2916666666666667,79.0,60.375
2024-06-24,35.483333333333334,24.545833333333334,342.875,18.05,33.06666666666667,63.458333333333336,0.5008333333333334,0.0,1.3625,75.58333333333333,55.833333333333336
2024-06-25,30.175,20.675,345.2083333333333,18.3,27.691666666666666,56.666666666666664,0.4766666666666666,0.0,0.9104166666666668,76.41666666666667,56.666666666666664
2024-06-26,24.84166666666667,16.933333333333334,286.2083333333333,15.674999999999999,22.708333333333332,55.5,0.37166666666666665,0.0,1.0354166666666667,63.833333333333336,38.0
2024-06-27,23.837500000000002,16.104166666666668,289.4583333333333,15.9625,21.366666666666664,51.541666666666664,0.3070833333333333,0.0,1.2291666666666667,61.375,34.791666666666664
2024-06-28,32.916666666666664,22.15833333333333,335.5416666666667,15.483333333333334,22.1875,86.91666666666667,0.39916666666666667,0.0,1.9395833333333332,74.75,47.166666666666664
2024-06-29,39.40416666666667,26.8625,350.9583333333333,14.158333333333333,25.4375,108.04166666666667,0.42124999999999996,0.0,2.04375,94.91666666666667,59.416666666666664
2024-06-30,32.233333333333334,22.5625,395.3333333333333,17.241666666666667,24.1375,89.41666666666667,0.2125,0.0,2.55625,90.20833333333333,59.166666666666664
2024-07-01,31.258333333333336,21.820833333333336,405.1666666666667,19.691666666666666,27.483333333333334,73.75,0.19166666666666665,0.625,1.2416666666666667,71.625,51.0
2024-07-02,49.875,34.50833333333333,490.9583333333333,21.504166666666666,27.325,84.0,0.53875,1.9583333333333333,1.6083333333333334,86.83333333333333,59.708333333333336
2024-07-03,38.84583333333334,25.566666666666666,365.7083333333333,14.799999999999999,20.141666666666666,88.41666666666667,0.5104166666666666,0.125,1.6104166666666666,94.79166666666667,66.45833333333333
2024-07-04,29.84583333333333,19.491666666666667,288.625,14.450000000000001,17.570833333333333,61.541666666666664,0.3766666666666667,0.0,1.2979166666666668,73.04166666666667,51.083333333333336
2024-07-05,32.020833333333336,21.320833333333333,338.2083333333333,15.458333333333334,20.766666666666666,80.95833333333333,0.305,0.0,2.410416666666667,75.58333333333333,47.416666666666664
2024-07-06,32.88333333333333,22.175,377.8333333333333,16.166666666666668,22.295833333333334,83.625,0.33791666666666664,0.0,2.1229166666666663,78.875,52.833333333333336
2024-07-07,30.495833333333334,19.775,328.625,14.470833333333333,21.304166666666667,87.16666666666667,0.25166666666666665,0.0,2.4458333333333333,78.625,50.958333333333336
2024-07-08,42.275,27.9875,328.4583333333333,14.5625,23.5,98.33333333333333,0.45458333333333334,0.0,2.2083333333333335,87.16666666666667,53.666666666666664
2024-07-09,51.34583333333333,34.87083333333333,409.7083333333333,16.366666666666667,27.84583333333333,115.375,0.5954166666666667,0.0,1.9875,114.75,67.54166666666667
2024-07-10,45.35833333333333,31.245833333333334,443.0416666666667,16.599999999999998,25.808333333333334,118.70833333333333,0.5229166666666667,0.0,2.1958333333333333,122.875,68.41666666666667
2024-07-11,50.6,34.8875,457.4583333333333,15.887500000000001,24.787499999999998,121.08333333333333,0.5554166666666667,0.0,2.097916666666667,125.0,69.29166666666667
2024-07-12,57.76666666666667,39.87083333333333,493.4166666666667,18.2375,27.1375,111.29166666666667,0.74125,0.0,2.0125,126.41666666666667,71.29166666666667
2024-07-13,43.6875,29.491666666666664,397.9166666666667,16.75,23.425,87.25,0.5329166666666667,0.125,2.0708333333333333,113.95833333333333,71.375
2024-07-14,30.662499999999998,20.587500000000002,333.9583333333333,17.45,22.608333333333334,61.916666666666664,0.3870833333333333,0.0,1.0229166666666667,74.16666666666667,51.541666666666664
2024-07-15,35.9375,23.995833333333334,343.5,16.920833333333334,27.72083333333333,67.125,0.3666666666666667,0.0,1.825,70.79166666666667,48.75
2024-07-16,32.31666666666667,21.708333333333332,319.5,15.816666666666668,24.941666666666666,59.208333333333336,0.3758333333333333,0.0,1.2375,75.125,55.25
2024-07-17,36.05833333333333,24.4375,359.125,18.658333333333335,29.370833333333334,59.791666666666664,0.33791666666666664,0.0,1.7604166666666667,70.875,47.5
2024-07-18,32.541666666666664,22.45,374.1666666666667,18.070833333333333,26.366666666666664,62.083333333333336,0.36333333333333334,0.0,1.3104166666666666,77.29166666666667,59.208333333333336
2024-07-19,31.433333333333334,21.587500000000002,343.9583333333333,16.045833333333334,25.016666666666666,67.95833333333333,0.34791666666666665,0.0,1.73125,68.04166666666667,45.041666666666664
2024-07-20,36.604166666666664,24.787499999999998,411.0416666666667,18.837500000000002,23.099999999999998,63.541666666666664,0.40375,0.0,1.45,75.58333333333333,55.875
2024-07-21,52.637499999999996,35.8375,481.5833333333333,21.670833333333334,32.541666666666664,76.5,0.48666666666666664,0.0,1.7916666666666667,89.70833333333333,64.375
2024-07-22,55.04583333333333,37.983333333333334,561.5416666666666,25.233333333333334,29.849999999999998,64.70833333333333,0.33875000000000005,0.0,1.1604166666666667,103.54166666666667,69.54166666666667
2024-07-23,39.387499999999996,27.570833333333336,468.8333333333333,23.375,22.55,52.291666666666664,0.29333333333333333,0.0,0.42083333333333334,98.70833333333333,67.70833333333333
2024-07-24,50.541666666666664,35.40833333333333,512.25,22.19583333333333,26.354166666666668,86.29166666666667,0.6691666666666666,0.0,1.0291666666666666,89.41666666666667,61.958333333333336
2024-07-25,69.1875,48.225,678.5833333333334,22.304166666666664,27.604166666666668,106.625,0.7362500000000001,0.0,2.3666666666666667,132.54166666666666,78.0
2024-07-26,80.28333333333333,56.145833333333336,925.2083333333334,31.724999999999998,33.916666666666664,118.625,0.46375000000000005,0.0,2.497916666666667,155.04166666666666,82.08333333333333
2024-07-27,75.0125,52.2875,668.1666666666666,22.329166666666666,33.37083333333333,134.08333333333334,0.8308333333333334,0.0,2.1687499999999997,162.625,81.79166666666667
2024-07-28,68.52499999999999,47.425000000000004,461.2083333333333,18.7625,31.3125,87.91666666666667,1.3187499999999999,0.0,0.6020833333333333,136.75,80.16666666666667
2024-07-29,50.45416666666667,35.199999999999996,488.6666666666667,20.150000000000002,29.875,80.04166666666667,0.82375,0.0,0.575,121.66666666666667,75.33333333333333
2024-07-30,37.237500000000004,26.004166666666666,500.4166666666667,23.84583333333333,30.7625,59.791666666666664,0.40375,0.0,0.7270833333333333,88.20833333333333,63.916666666666664
2024-07-31,33.6625,23.537499999999998,453.875,22.070833333333336,30.474999999999998,69.91666666666667,0.23625,0.125,1.60625,82.16666666666667,60.625
2024-08-01,33.458333333333336,23.474999999999998,418.75,19.391666666666666,29.71666666666667,74.45833333333333,0.18791666666666665,0.08333333333333333,2.0,77.75,55.625
2024-08-02,32.25833333333333,22.675,423.7916666666667,20.95416666666667,30.0125,66.29166666666667,0.20625000000000002,0.3333333333333333,1.6916666666666667,72.54166666666667,50.791666666666664
2024-08-03,45.875,32.13333333333333,488.5833333333333,19.541666666666668,29.34583333333333,100.45833333333333,0.4566666666666667,0.0,2.61875,101.41666666666667,61.041666666666664
2024-08-04,49.2875,34.12916666666667,528.2916666666666,19.4375,24.995833333333334,86.08333333333333,0.47291666666666665,0.25,2.5416666666666665,107.66666666666667,69.79166666666667
2024-08-05,56.19583333333333,38.795833333333334,500.125,19.070833333333333,24.958333333333332,97.20833333333333,0.5962500000000001,0.0,1.8583333333333334,108.79166666666667,68.08333333333333
2024-08-06,87.84166666666665,61.30833333333334,733.9583333333334,23.054166666666664,33.93333333333333,118.54166666666667,0.7408333333333333,0.0,2.0229166666666667,153.79166666666666,82.91666666666667
2024-08-07,61.93333333333334,42.96666666666667,626.2916666666666,21.504166666666666,30.412499999999998,105.91666666666667,0.5583333333333333,0.0,2.1145833333333335,153.70833333333334,81.29166666666667
2024-08-08,58.362500000000004,40.637499999999996,591.75,21.095833333333335,30.254166666666666,104.91666666666667,0.45875,0.0,2.50625,130.91666666666666,73.66666666666667
2024-08-09,45.2875,31.745833333333334,484.25,18.962500000000002,27.854166666666668,100.16666666666667,0.3233333333333333,0.375,2.6333333333333333,114.41666666666667,69.79166666666667
2024-08-10,50.23333333333333,35.170833333333334,508.3333333333333,17.845833333333335,25.599999999999998,116.5,0.4008333333333333,0.0,2.466666666666667,120.08333333333333,68.70833333333333
2024-08-11,48.7125,34.237500000000004,606.6666666666666,22.329166666666666,26.633333333333336,86.79166666666667,0.4708333333333334,0.0,1.8541666666666667,101.83333333333333,67.66666666666667
2024-08-12,85.79583333333333,60.2125,907.25,32.983333333333334,42.36666666666667,104.0,0.8433333333333334,0.0,1.3812499999999999,138.875,80.04166666666667
2024-08-13,53.4375,37.35,483.0416666666667,16.2625,30.974999999999998,105.45833333333333,0.7508333333333334,0.0,1.75,132.04166666666666,76.20833333333333
2024-08-14,84.22083333333333,58.916666666666664,620.875,17.308333333333334,37.65,136.04166666666666,1.095,0.0,1.5395833333333335,146.29166666666666,79.29166666666667
2024-08-15,111.7375,78.125,877.8333333333334,25.208333333333332,41.0,117.66666666666667,1.0633333333333332,0.375,1.3520833333333335,162.29166666666666,96.16666666666667
2024-08-16,74.19583333333334,51.80416666666667,736.25,18.25,27.087500000000002,130.625,0.8533333333333334,0.375,1.6729166666666666,166.29166666666666,92.04166666666667
2024-08-17,78.28750000000001,54.74583333333334,680.2083333333334,15.15,28.679166666666664,150.375,1.1445833333333333,0.0,1.5979166666666667,159.125,81.41666666666667
2024-08-18,81.20416666666667,56.824999999999996,688.125,15.5875,30.995833333333334,146.5,1.1395833333333334,0.0,1.175,162.45833333333334,83.75
2024-08-19,119.80416666666667,83.84583333333333,896.5833333333334,22.366666666666664,45.79583333333333,132.33333333333334,0.9841666666666667,0.0,1.3625,170.66666666666666,101.95833333333333
2024-08-20,78.61666666666666,55.020833333333336,633.0,19.441666666666666,31.96666666666667,116.20833333333333,0.6758333333333333,0.0,2.097916666666667,162.0,92.33333333333333
2024-08-21,70.575,49.14166666666667,545.2083333333334,15.645833333333334,30.7375,119.25,0.8966666666666666,0.0,1.8125,143.79166666666666,78.375
2024-08-22,61.40416666666667,42.52916666666667,557.5,19.158333333333335,27.516666666666666,90.45833333333333,0.6004166666666667,0.0,1.6937499999999999,134.95833333333334,79.04166666666667
2024-08-23,58.975,40.729166666666664,632.4583333333334,25.204166666666666,35.86666666666667,77.16666666666667,0.6966666666666667,0.0,1.1958333333333333,116.45833333333333,73.625
2024-08-24,70.5375,48.6625,556.5833333333334,20.241666666666667,36.141666666666666,97.79166666666667,0.8620833333333334,0.0,1.1458333333333333,122.25,74.625
2024-08-25,60.824999999999996,42.208333333333336,526.7083333333334,19.4875,28.65416666666667,93.0,0.6516666666666667,0.0,2.05625,132.08333333333334,77.25
2024-08-26,60.30416666666667,41.50833333333333,626.4166666666666,23.27916666666667,30.275000000000002,85.375,0.61,0.0,2.0104166666666665,121.45833333333333,73.79166666666667
2024-08-27,79.15416666666667,54.96666666666667,740.9583333333334,25.97083333333333,37.84583333333333,112.08333333333333,0.6216666666666667,0.0,2.0479166666666666,139.29166666666666,76.29166666666667
2024-08-28,97.6875,68.21249999999999,906.3333333333334,29.125,45.75416666666666,127.625,0.6258333333333334,0.0,2.15,170.375,91.66666666666667
2024-08-29,79.89166666666667,55.57083333333333,750.9583333333334,23.766666666666666,38.458333333333336,111.54166666666667,0.78875,0.0,1.6541666666666668,160.29166666666666,89.95833333333333
2024-08-30,65.34583333333333,45.0375,524.375,17.454166666666666,30.616666666666664,113.41666666666667,1.0008333333333332,0.0,1.5395833333333335,142.41666666666666,78.91666666666667
2024-08-31,64.28750000000001,44.40416666666667,465.5,16.654166666666665,38.09583333333333,95.04166666666667,0.66625,0.0,1.8895833333333334,131.125,78.29166666666667
2024-09-01,56.43333333333334,39.06666666666667,489.0833333333333,18.670833333333334,35.34166666666667,88.75,0.6008333333333333,0.0,1.5958333333333332,117.75,73.08333333333333
2024-09-02,62.2125,43.1875,524.9166666666666,20.191666666666666,36.4375,94.20833333333333,0.5775,0.0,1.89375,121.45833333333333,72.83333333333333
2024-09-03,76.52083333333333,53.425000000000004,839.5416666666666,29.825,41.34583333333333,93.83333333333333,0.56625,0.0,1.9604166666666665,127.29166666666667,75.54166666666667
2024-09-04,152.475,106.55,1392.0833333333333,36.93333333333333,57.25416666666666,134.5,0.9291666666666667,0.0,1.7375,176.33333333333334,108.20833333333333
2024-09-05,102.71249999999999,71.7625,1024.9166666666667,26.191666666666666,38.725,113.33333333333333,0.6975000000000001,0.0,1.8520833333333335,176.75,118.91666666666667
2024-09-06,39.84166666666667,27.708333333333332,520.0833333333334,15.279166666666667,15.004166666666668,92.58333333333333,0.5370833333333334,0.0,1.8791666666666667,112.625,72.625
2024-09-07,13.691666666666668,9.520833333333334,334.7916666666667,8.333333333333334,8.362499999999999,68.125,0.17333333333333334,0.0,0.13541666666666666,65.95833333333333,42.625
2024-09-08,25.816666666666666,17.566666666666666,346.3333333333333,13.579166666666666,16.304166666666667,62.708333333333336,0.26416666666666666,0.0,0.9666666666666667,41.166666666666664,27.208333333333332
2024-09-09,30.075,20.325,352.9583333333333,15.870833333333332,19.404166666666665,58.125,0.3620833333333333,0.0,0.5187499999999999,65.625,38.708333333333336
2024-09-10,21.879166666666666,15.270833333333334,373.1666666666667,18.7375,26.354166666666668,53.125,0.22833333333333336,0.0,0.3458333333333334,62.125,35.458333333333336
2024-09-11,21.53333333333333,15.054166666666667,399.125,18.970833333333335,25.945833333333336,44.708333333333336,0.16083333333333333,0.0,0.725,57.125,31.333333333333332
2024-09-12,49.05416666666667,34.18333333333333,577.0833333333334,21.0625,29.075,85.33333333333333,0.40208333333333335,0.0,1.4312500000000001,80.83333333333333,51.833333333333336
2024-09-13,66.54583333333333,46.425000000000004,589.0416666666666,19.754166666666666,33.0625,100.5,0.5554166666666667,0.0,1.9729166666666667,121.83333333333333,73.625
2024-09-14,103.5625,71.85000000000001,691.2916666666666,22.054166666666664,47.979166666666664,103.16666666666667,0.90375,0.0,1.4895833333333333,148.75,87.20833333333333
2024-09-15,100.55833333333334,69.83333333333333,670.4166666666666,20.666666666666668,50.30416666666667,103.04166666666667,1.0916666666666666,0.0,1.4958333333333333,160.70833333333334,99.45833333333333
2024-09-16,57.0875,39.887499999999996,664.0,19.9375,29.895833333333332,99.70833333333333,0.6820833333333334,0.0,1.8499999999999999,140.95833333333334,81.83333333333333
2024-09-17,39.84166666666667,27.641666666666666,589.6666666666666,17.904166666666665,18.808333333333334,80.66666666666667,0.5591666666666667,0.0,1.8208333333333335,94.95833333333333,65.95833333333333
2024-09-18,49.40833333333333,34.05416666666667,650.3333333333334,22.070833333333336,20.308333333333334,72.625,0.7445833333333334,0.0,1.6583333333333332,89.58333333333333,64.45833333333333
2024-09-19,52.520833333333336,36.18333333333333,659.4166666666666,21.95,23.195833333333336,70.125,0.5658333333333333,0.0,1.1229166666666666,98.33333333333333,67.66666666666667
2024-09-20,59.25416666666666,41.2125,712.4583333333334,24.045833333333334,28.28333333333333,72.875,0.7766666666666667,0.0,1.4208333333333334,114.66666666666667,73.08333333333333
2024-09-21,39.28333333333333,27.308333333333334,556.4166666666666,20.133333333333333,21.32916666666667,72.91666666666667,0.7720833333333333,0.0,1.7291666666666667,98.08333333333333,67.54166666666667
2024-09-22,18.599999999999998,12.979166666666666,357.5,10.1,11.387500000000001,56.083333333333336,0.32375000000000004,0.0,0.4583333333333333,67.29166666666667,43.166666666666664
2024-09-23,44.24583333333334,30.783333333333335,631.0416666666666,21.179166666666667,18.95,68.79166666666667,0.39625,0.0,0.7895833333333333,60.25,37.25
2024-09-24,69.71666666666667,48.69583333333333,988.2083333333334,30.833333333333332,31.958333333333332,78.25,0.37333333333333335,0.0,2.129166666666667,126.25,76.79166666666667
2024-09-25,105.96249999999999,73.375,829.875,22.816666666666666,44.68333333333334,106.29166666666667,0.7720833333333333,0.0,0.9249999999999999,145.54166666666666,85.58333333333333
2024-09-26,102.99166666666667,71.21666666666667,854.9166666666666,22.46666666666667,42.8375,116.5,0.765,0.0,1.6583333333333332,170.08333333333334,103.0
2024-09-27,55.166666666666664,37.291666666666664,588.0416666666666,21.333333333333332,28.375,82.79166666666667,0.5333333333333333,0.0,1.8208333333333335,140.375,81.08333333333333
2024-09-28,34.84583333333333,23.241666666666664,356.3333333333333,18.3875,26.59583333333333,59.958333333333336,0.34041666666666665,0.0,1.8541666666666667,86.95833333333333,63.125
2024-09-29,37.47083333333333,24.7375,377.2916666666667,18.433333333333334,23.15416666666667,72.29166666666667,0.61,0.0,1.0479166666666668,73.29166666666667,53.0
2024-09-30,40.62083333333333,27.537499999999998,420.2083333333333,19.7,22.495833333333334,67.875,0.6520833333333333,0.0,0.9,78.25,59.166666666666664
2024-10-01,17.491666666666667,12.179166666666667,321.7083333333333,8.891666666666667,12.070833333333333,64.25,0.3566666666666667,0.0,1.0083333333333333,75.91666666666667,53.666666666666664
2024-10-02,18.866666666666667,13.137500000000001,313.25,8.375,9.862499999999999,72.375,0.30833333333333335,1.0833333333333333,1.1229166666666666,44.208333333333336,29.125
2024-10-03,28.895833333333332,20.033333333333335,517.625,16.183333333333334,18.099999999999998,76.20833333333333,0.15583333333333335,1.2916666666666667,2.1083333333333334,58.416666666666664,38.708333333333336
2024-10-04,64.57083333333334,44.94583333333333,951.625,30.34583333333333,35.65833333333333,95.5,0.26166666666666666,0.375,1.9625000000000001,92.83333333333333,57.041666666666664
2024-10-05,102.57083333333333,71.65833333333333,1467.875,48.68333333333334,45.60833333333333,92.29166666666667,0.31,0.0,2.066666666666667,158.16666666666666,93.625
2024-10-06,79.03333333333333,55.10833333333333,1207.9583333333333,37.983333333333334,33.887499999999996,84.5,0.35625,0.0,1.79375,156.08333333333334,92.58333333333333
2024-10-07,46.65833333333333,32.104166666666664,665.25,15.475,21.84583333333333,97.79166666666667,0.31375000000000003,0.0,1.977083333333333,115.95833333333333,72.79166666666667
2024-10-08,58.13333333333333,40.0625,685.1666666666666,18.983333333333334,21.291666666666668,85.875,0.455,0.0,1.8958333333333333,97.0,67.16666666666667
2024-10-09,49.61666666666667,34.44583333333333,689.2916666666666,22.05,21.900000000000002,73.58333333333333,0.44625000000000004,0.0,1.625,105.20833333333333,70.04166666666667
2024-10-10,63.75,44.30416666666667,974.7083333333334,33.71666666666667,29.445833333333336,62.583333333333336,0.5325,0.0,1.6416666666666666,102.91666666666667,69.375
2024-10-11,94.75,64.99166666666666,1102.9166666666667,34.59583333333333,43.88333333333333,109.875,0.5441666666666667,0.5,1.7708333333333333,153.04166666666666,85.70833333333333
2024-10-12,75.9375,50.275,728.0416666666666,21.708333333333332,32.05833333333333,103.54166666666667,0.7487499999999999,0.0,1.3,154.375,88.58333333333333
2024-10-13,72.90416666666667,47.0625,760.5416666666666,25.383333333333336,34.483333333333334,89.0,0.67875,0.0,1.41875,138.41666666666666,79.79166666666667
2024-10-14,75.15833333333333,49.26666666666667,822.5833333333334,30.77916666666667,38.8,80.5,0.56375,0.0,1.5395833333333335,133.33333333333334,78.54166666666667
2024-10-15,56.041666666666664,38.083333333333336,542.3333333333334,22.520833333333332,34.31666666666667,79.75,0.5716666666666667,0.0,1.4375,118.75,74.5
2024-10-16,57.99583333333334,39.354166666666664,609.125,23.325,31.474999999999998,75.41666666666667,0.5433333333333333,0.0,1.4000000000000001,99.79166666666667,67.70833333333333
2024-10-17,65.93333333333334,44.34166666666667,625.25,27.72083333333333,41.458333333333336,60.458333333333336,0.57,0.0,1.1354166666666667,135.875,79.83333333333333
2024-10-18,40.25833333333333,27.1875,440.7916666666667,22.954166666666666,31.729166666666668,60.208333333333336,0.4979166666666666,0.0,1.3708333333333333,89.91666666666667,64.5
2024-10-19,38.90416666666667,26.254166666666666,430.5,23.995833333333334,32.041666666666664,45.5,0.4145833333333333,0.0,0.8770833333333333,80.08333333333333,60.791666666666664
2024-10-20,53.291666666666664,36.550000000000004,575.625,27.375,37.5625,62.166666666666664,0.42791666666666667,0.0,1.39375,86.25,63.333333333333336
2024-10-21,97.43333333333334,66.575,1060.2083333333333,43.99583333333334,49.92083333333333,67.08333333333333,0.7133333333333334,0.0,0.8104166666666667,135.58333333333334,80.25
2024-10-22,95.66250000000001,66.14999999999999,1069.5,36.68333333333333,45.60833333333333,81.875,0.6566666666666666,0.0,1.23125,161.08333333333334,101.33333333333333
2024-10-23,16.183333333333334,11.054166666666667,360.7083333333333,8.566666666666666,10.458333333333334,75.04166666666667,0.1825,0.6666666666666666,1.5479166666666666,94.58333333333333,61.083333333333336
2024-10-24,41.43333333333333,28.966666666666665,784.4583333333334,28.645833333333332,24.641666666666666,67.0,0.11541666666666667,0.0,1.9312500000000001,60.416666666666664,41.25
2024-10-25,43.64166666666667,30.479166666666668,819.375,30.995833333333334,24.333333333333332,64.04166666666667,0.115,0.25,1.8062500000000001,91.91666666666667,65.375
2024-10-26,25.474999999999998,17.491666666666667,584.5833333333334,12.345833333333333,12.604166666666666,77.83333333333333,0.1366666666666667,0.25,1.8041666666666665,81.625,59.416666666666664
2024-10-27,27.379166666666666,18.120833333333334,492.4583333333333,8.204166666666667,9.308333333333334,64.625,0.2783333333333334,0.20833333333333334,0.31666666666666665,60.958333333333336,34.375
2024-10-28,29.120833333333334,19.725,526.7916666666666,11.479166666666666,11.683333333333335,58.958333333333336,0.24083333333333334,0.4166666666666667,0.41250000000000003,64.66666666666667,37.833333333333336
2024-10-29,36.87083333333333,25.474999999999998,1153.0833333333333,19.0,18.7375,63.583333333333336,0.20875,0.0,1.3479166666666667,66.79166666666667,43.416666666666664
2024-10-30,50.92916666666667,35.13333333333333,987.0,17.787499999999998,27.745833333333334,82.125,0.305,0.0,1.5687499999999999,85.75,63.0
2024-10-31,99.175,69.2,1880.7083333333333,33.9,46.06666666666666,89.54166666666667,0.42791666666666667,0.0,1.6270833333333334,139.20833333333334,81.75
2024-11-01,53.7875,37.11666666666667,1490.875,21.45,22.604166666666668,74.16666666666667,0.21333333333333335,0.0,1.7604166666666667,151.95833333333334,91.08333333333333
2024-11-02,45.275,30.15416666666667,1519.1666666666667,19.579166666666666,19.329166666666666,74.625,0.22,0.9166666666666666,1.6333333333333335,76.625,55.916666666666664
2024-11-03,71.25,47.57916666666666,1852.25,26.6125,30.483333333333334,67.375,0.6145833333333334,0.5,0.9833333333333334,101.58333333333333,68.66666666666667
2024-11-04,51.25833333333333,34.42916666666667,1384.6666666666667,18.841666666666665,22.05,57.416666666666664,0.35958333333333337,0.0,0.3979166666666667,134.04166666666666,79.375
2024-11-05,76.8875,51.24583333333334,899.2083333333334,23.741666666666664,27.337500000000002,68.70833333333333,0.5129166666666667,0.375,0.3020833333333333,96.625,66.95833333333333
2024-11-06,75.21666666666667,50.86666666666667,1547.875,30.166666666666668,29.662499999999998,57.166666666666664,0.6970833333333334,0.125,0.5125,147.54166666666666,84.125
2024-11-07,78.40833333333333,52.26666666666667,1185.6666666666667,29.766666666666666,31.59166666666667,72.95833333333333,0.6520833333333333,0.625,1.1041666666666667,139.08333333333334,80.875
2024-11-08,105.60833333333333,72.175,1520.625,39.97083333333333,43.0,81.0,0.46625,0.25,1.39375,154.41666666666666,91.91666666666667
2024-11-09,110.95833333333333,77.05833333333334,1336.0,38.925,49.22083333333333,93.25,0.3829166666666666,0.0,1.5374999999999999,160.83333333333334,97.54166666666667
2024-11-10,90.58749999999999,63.15,1595.4166666666667,34.487500000000004,39.85,74.54166666666667,0.315,0.0,1.575,158.70833333333334,97.70833333333333
2024-11-11,99.375,68.43333333333334,1223.5,35.829166666666666,43.9375,76.08333333333333,0.53625,0.0,1.2104166666666667,157.29166666666666,95.625
2024-11-12,86.70833333333333,63.9,1177.7083333333333,32.09583333333333,46.0625,71.75,0.5408333333333334,0.0,1.25,153.41666666666666,89.54166666666667
2024-11-13,60.237500000000004,59.99583333333334,809.3333333333334,31.541666666666668,31.42916666666667,78.33333333333333,0.45083333333333336,0.0,1.2416666666666667,157.08333333333334,95.16666666666667
2024-11-14,60.975,60.39166666666667,764.9166666666666,41.395833333333336,35.725,59.583333333333336,0.5679166666666666,0.0,0.9791666666666666,137.875,81.0
2024-11-15,40.90833333333333,40.137499999999996,618.5833333333334,35.49583333333333,31.791666666666668,44.541666666666664,0.48458333333333337,0.0,1.0541666666666667,141.08333333333334,82.16666666666667
2024-11-16,34.045833333333334,33.19583333333333,512.625,29.458333333333332,23.641666666666666,48.25,0.37916666666666665,0.0,1.14375,105.125,69.91666666666667
2024-11-17,46.55416666666667,46.00416666666666,753.4166666666666,40.166666666666664,31.275000000000002,35.583333333333336,0.4154166666666667,0.0,1.3895833333333334,111.79166666666667,72.08333333333333
2024-11-18,58.1875,58.041666666666664,830.1666666666666,40.25833333333333,36.1375,52.083333333333336,0.6716666666666667,0.0,0.6625,135.625,79.79166666666667
2024-11-19,42.25416666666667,42.22083333333333,835.9166666666666,31.337500000000002,36.016666666666666,68.91666666666667,0.42791666666666667,0.0,1.1229166666666666,128.875,77.91666666666667
2024-11-20,29.425,29.420833333333334,926.5,22.974999999999998,27.304166666666664,69.20833333333333,0.3441666666666667,0.0,1.2625,111.875,72.16666666666667
2024-11-21,32.62083333333333,32.59166666666667,959.0,20.212500000000002,24.175,70.79166666666667,0.28958333333333336,0.0,1.3583333333333334,87.08333333333333,63.5
2024-11-22,26.474999999999998,26.458333333333332,793.0416666666666,21.633333333333336,23.020833333333332,67.41666666666667,0.27291666666666664,0.0,0.9729166666666665,86.04166666666667,63.208333333333336
2024-11-23,31.525000000000002,31.516666666666666,832.3333333333334,25.679166666666664,26.412499999999998,74.25,0.4075,0.0,0.8812500000000001,82.95833333333333,62.083333333333336
2024-11-24,42.574999999999996,42.34166666666667,864.125,32.24583333333333,26.370833333333334,66.125,0.48208333333333336,0.0,0.9041666666666667,109.70833333333333,71.375
2024-11-25,53.675000000000004,53.17916666666667,787.9166666666666,37.07083333333333,32.579166666666666,65.16666666666667,0.5599999999999999,0.0,0.9729166666666668,143.66666666666666,83.29166666666667
2024-11-26,16.724999999999998,16.658333333333335,674.0833333333334,13.779166666666667,21.254166666666666,59.416666666666664,0.34125,0.0,0.41875,87.5,56.083333333333336
2024-11-27,24.695833333333336,24.3625,599.9583333333334,13.516666666666666,18.795833333333334,56.958333333333336,0.45208333333333334,0.5,0.48541666666666666,67.45833333333333,42.083333333333336
2024-11-28,26.129166666666666,25.829166666666666,611.4166666666666,15.716666666666667,17.245833333333334,66.33333333333333,0.3016666666666667,0.375,0.8770833333333333,80.95833333333333,61.083333333333336
2024-11-29,47.65,47.4625,813.5,38.0,32.81666666666667,60.125,0.23458333333333334,0.0,1.4124999999999999,93.41666666666667,65.79166666666667
2024-11-30,63.512499999999996,61.9,978.0833333333334,49.71666666666667,39.387499999999996,63.625,0.28375,0.0,1.3375000000000001,151.625,89.20833333333333
2024-12-01,47.9125,45.76666666666667,768.2083333333334,34.00416666666667,29.52916666666667,80.0,0.3325,0.0,1.2104166666666667,143.83333333333334,82.66666666666667
2024-12-02,40.28333333333333,39.07083333333333,819.875,34.300000000000004,24.962500000000002,59.875,0.5483333333333333,0.125,0.43333333333333335,110.70833333333333,71.875
2024-12-03,30.825,29.183333333333334,536.5416666666666,26.941666666666666,19.337500000000002,60.875,0.48374999999999996,0.0,0.7104166666666667,102.45833333333333,69.08333333333333
2024-12-04,37.47083333333333,35.88333333333333,503.625,28.09166666666667,22.629166666666666,64.33333333333333,0.4079166666666667,0.125,0.8854166666666666,89.70833333333333,64.41666666666667
2024-12-05,54.0625,53.27916666666667,630.3333333333334,30.829166666666666,29.6875,68.95833333333333,0.49041666666666667,0.25,0.81875,135.66666666666666,79.83333333333333
2024-12-06,38.81666666666667,37.85,772.8333333333334,23.508333333333336,22.52916666666667,65.41666666666667,0.6216666666666667,0.0,0.4041666666666666,107.58333333333333,70.70833333333333
2024-12-07,31.933333333333334,31.7375,820.25,15.475,23.7,44.916666666666664,0.74375,0.0,0.20625000000000002,110.625,71.79166666666667
2024-12-08,22.4875,22.3625,828.875,15.216666666666667,25.21666666666667,56.041666666666664,0.4504166666666667,0.0,0.36874999999999997,72.16666666666667,47.583333333333336
2024-12-09,52.949999999999996,52.71666666666667,1225.2916666666667,31.366666666666664,39.9125,49.958333333333336,0.6091666666666667,0.0,0.525,97.33333333333333,65.95833333333333
2024-12-10,73.13333333333334,72.40416666666667,1083.8333333333333,43.775,41.791666666666664,56.5,0.635,0.0,0.6416666666666667,158.16666666666666,97.33333333333333
2024-12-11,27.504166666666666,27.141666666666666,944.5833333333334,20.616666666666667,24.254166666666666,44.708333333333336,0.43083333333333335,0.0,0.5437500000000001,128.41666666666666,79.75
2024-12-12,30.954166666666666,30.72083333333333,1017.625,16.1375,24.708333333333332,37.666666666666664,0.465,0.0,0.21458333333333335,77.41666666666667,55.25
2024-12-13,22.104166666666668,22.058333333333334,687.75,10.725,22.229166666666668,60.375,0.36833333333333335,0.0,0.6229166666666667,84.08333333333333,61.208333333333336
2024-12-14,41.63333333333333,41.358333333333334,835.7083333333334,10.791666666666666,22.125,63.375,0.48374999999999996,0.5,0.20833333333333334,85.20833333333333,58.541666666666664
2024-12-15,28.808333333333334,28.337500000000002,686.8333333333334,17.337500000000002,23.491666666666664,64.08333333333333,0.3491666666666667,0.7916666666666666,0.24166666666666667,101.0,68.29166666666667
2024-12-16,63.49166666666667,63.05833333333334,1060.5833333333333,40.37916666666667,45.40416666666667,49.333333333333336,0.36125,1.0,1.1041666666666667,111.5,72.0
2024-12-17,94.09166666666665,93.74166666666667,1274.625,52.35,53.64166666666667,51.416666666666664,0.4908333333333333,0.25,1.0041666666666667,169.29166666666666,113.66666666666667
2024-12-18,53.862500000000004,53.699999999999996,1148.2916666666667,26.349999999999998,31.412499999999998,73.41666666666667,0.5258333333333333,0.0,1.0854166666666667,149.79166666666666,89.58333333333333
2024-12-19,61.77916666666667,61.775,1143.875,29.587500000000002,39.93333333333333,78.25,0.55125,0.0,0.9229166666666666,147.625,84.08333333333333
2024-12-20,68.0625,67.96666666666667,1010.0,26.891666666666666,34.06666666666667,90.125,0.5966666666666667,0.0,1.0416666666666667,159.66666666666666,99.08333333333333
2024-12-21,89.10833333333333,89.0125,1107.0,33.02916666666667,43.77916666666667,76.875,0.8154166666666667,0.0,0.6062500000000001,160.5,100.29166666666667
2024-12-22,78.78750000000001,78.6125,1037.5833333333333,28.979166666666668,36.8375,86.45833333333333,0.6058333333333333,0.0,1.0479166666666668,163.5,104.83333333333333
2024-12-23,105.92916666666667,105.75833333333333,1319.5416666666667,38.35,44.76666666666667,77.875,0.6045833333333334,0.125,1.0291666666666666,172.375,118.41666666666667
2024-12-24,77.14166666666667,76.95,1043.5416666666667,28.258333333333336,39.487500000000004,80.375,0.6016666666666667,0.0,0.8999999999999999,164.08333333333334,106.08333333333333
2024-12-25,100.6125,100.33749999999999,1328.375,41.1875,45.19583333333333,79.0,0.5641666666666666,0.4583333333333333,1.0083333333333333,171.5,117.16666666666667
2024-12-26,80.15833333333333,79.875,935.7083333333334,28.775000000000002,38.708333333333336,63.583333333333336,0.6083333333333333,0.0,0.5270833333333333,171.25,116.54166666666667
2024-12-27,49.262499999999996,49.05833333333334,809.7083333333334,12.554166666666667,26.825,72.875,0.4429166666666666,0.0,0.39375,147.625,86.875
2024-12-28,46.800000000000004,46.61666666666667,912.375,22.108333333333334,28.245833333333334,74.875,0.3229166666666667,0.0,1.0,117.5,74.0
2024-12-29,67.62916666666666,67.25416666666666,905.375,24.308333333333334,31.537499999999998,87.25,0.5483333333333333,0.375,1.0,149.04166666666666,88.08333333333333
2024-12-30,74.82083333333334,73.95,1261.1666666666667,26.745833333333334,30.816666666666666,73.58333333333333,0.8379166666666666,0.0,0.5854166666666667,159.95833333333334,99.54166666666667
2024-12-31,70.55,70.32916666666667,1150.0833333333333,18.529166666666665,32.42916666666667,85.29166666666667,0.7991666666666667,0.0,0.6833333333333332,155.08333333333334,92.04166666666667
2025-01-01,113.425,113.27083333333333,1251.5,41.3375,47.99583333333334,83.0,0.6795833333333333,0.0,0.9916666666666667,171.04166666666666,116.41666666666667
2025-01-02,112.28333333333335,111.91250000000001,1323.375,36.93333333333333,45.6625,101.25,0.8783333333333333,0.125,0.9375,180.5,130.375
2025-01-03,112.39166666666667,111.8625,1068.625,52.67083333333333,48.69583333333333,67.83333333333333,0.7429166666666666,0.9166666666666666,1.0562500000000001,181.83333333333334,133.0
2025-01-04,93.45,92.89166666666667,960.5416666666666,43.775,39.24166666666667,81.91666666666667,0.7608333333333334,0.5833333333333334,0.9354166666666667,176.70833333333334,124.875
2025-01-05,99.6375,99.12083333333334,1330.7916666666667,39.82083333333333,44.70416666666667,87.375,0.8083333333333332,0.625,0.9729166666666668,163.91666666666666,105.5
2025-01-06,116.11666666666667,115.55,1110.8333333333333,38.579166666666666,46.550000000000004,108.66666666666667,0.86625,0.75,0.9041666666666667,181.41666666666666,132.16666666666666
2025-01-07,92.55833333333334,91.97916666666667,1078.9583333333333,28.4375,34.324999999999996,109.83333333333333,0.9049999999999999,0.25,0.78125,177.875,126.66666666666667
2025-01-08,64.51666666666667,63.0625,854.4166666666666,29.1875,24.445833333333336,82.5,0.89,0.625,0.7999999999999999,159.79166666666666,99.5
2025-01-09,46.92916666666667,46.645833333333336,940.0,13.7875,28.333333333333332,74.33333333333333,0.8979166666666667,0.25,0.56875,150.41666666666666,86.41666666666667
2025-01-10,17.120833333333334,16.983333333333334,676.5,10.387500000000001,18.708333333333332,73.875,0.7308333333333333,0.25,0.6812499999999999,81.33333333333333,53.291666666666664
2025-01-11,37.825,37.016666666666666,831.9166666666666,16.658333333333335,20.75,67.58333333333333,0.45708333333333334,1.4166666666666667,0.5875,73.16666666666667,49.083333333333336
2025-01-12,64.77083333333333,63.88333333333333,871.75,37.6,31.400000000000002,56.375,0.2816666666666667,1.0,1.3791666666666667,141.20833333333334,82.125
2025-01-13,86.26666666666667,84.14583333333333,987.9166666666666,42.96666666666667,34.675000000000004,66.20833333333333,0.38375000000000004,1.0,1.2,164.83333333333334,106.75
2025-01-14,73.22916666666667,71.08333333333333,1012.3333333333334,40.4625,33.05833333333333,58.875,0.43166666666666664,0.5,1.1104166666666666,157.25,95.625
2025-01-15,67.11666666666666,66.77499999999999,924.75,27.579166666666666,31.045833333333334,70.875,0.5683333333333334,0.0,0.7354166666666666,158.625,97.54166666666667
2025-01-16,73.76666666666667,73.32083333333334,1099.25,27.625,36.25416666666667,84.66666666666667,0.605,0.625,1.0625,152.58333333333334,88.33333333333333
2025-01-17,86.42916666666667,85.95833333333333,945.8333333333334,37.791666666666664,35.84583333333333,82.25,0.6470833333333333,0.5833333333333334,1.1333333333333333,170.33333333333334,115.25
2025-01-18,79.47083333333333,78.40833333333333,885.0833333333334,34.291666666666664,29.4375,82.125,0.7816666666666667,0.5416666666666666,0.6749999999999999,157.91666666666666,96.45833333333333
2025-01-19,118.575,117.74583333333334,1194.0416666666667,50.59166666666667,43.708333333333336,67.58333333333333,0.8508333333333332,0.875,0.8520833333333333,174.54166666666666,121.66666666666667
2025-01-20,121.62916666666666,120.9875,1048.0416666666667,45.34583333333333,50.0625,87.375,0.9270833333333334,0.8333333333333334,0.9604166666666667,185.04166666666666,137.66666666666666
2025-01-21,83.26666666666667,82.60416666666667,827.0833333333334,30.25,29.90416666666667,97.0,0.75375,0.375,1.0791666666666666,176.08333333333334,124.04166666666667
2025-01-22,63.4125,62.40416666666667,744.9166666666666,29.020833333333332,23.90416666666667,85.625,0.8291666666666666,0.0,0.48541666666666666,156.95833333333334,95.04166666666667
2025-01-23,54.9125,53.949999999999996,660.9166666666666,26.679166666666664,20.558333333333334,75.08333333333333,0.7579166666666667,0.0,0.4895833333333333,151.66666666666666,87.20833333333333
2025-01-24,39.6,37.916666666666664,540.25,21.65833333333333,17.633333333333333,72.0,0.49833333333333335,0.0,0.5979166666666667,127.25,77.16666666666667
2025-01-25,31.775000000000002,29.733333333333334,458.0,25.816666666666666,16.920833333333334,53.291666666666664,0.5704166666666667,0.0,0.4375,91.33333333333333,65.125
2025-01-26,11.041666666666666,10.958333333333334,664.5416666666666,9.145833333333334,16.587500000000002,60.333333333333336,0.24291666666666667,0.0,0.32083333333333336,70.66666666666667,46.625
2025-01-27,32.8375,29.541666666666668,1014.7083333333334,22.974999999999998,24.608333333333334,59.333333333333336,0.275,5.208333333333333,1.1125,48.583333333333336,31.583333333333332
2025-01-28,50.0,47.35,1274.875,30.120833333333334,29.254166666666666,57.041666666666664,0.4633333333333333,4.583333333333333,0.9895833333333334,101.33333333333333,68.75
2025-01-29,77.4375,74.8875,1501.2083333333333,43.70416666666667,39.824999999999996,39.625,0.48291666666666666,4.166666666666667,0.65625,155.375,94.25
2025-01-30,85.925,83.81666666666666,731.8333333333334,39.775,42.333333333333336,56.75,0.67875,2.0416666666666665,0.7374999999999999,169.58333333333334,114.16666666666667
2025-01-31,41.37083333333333,38.487500000000004,543.2916666666666,25.212500000000002,20.9375,66.83333333333333,0.6454166666666666,0.5,0.5958333333333333,133.08333333333334,81.875
2025-02-01,38.71666666666667,36.2875,505.0416666666667,24.208333333333332,17.1125,54.583333333333336,0.5170833333333333,0.375,0.5645833333333333,102.95833333333333,69.375
2025-02-02,34.612500000000004,33.17916666666667,475.75,22.433333333333334,15.637500000000001,50.5,0.6579166666666666,1.0833333333333333,0.46458333333333335,95.625,66.79166666666667
2025-02-03,15.433333333333332,15.333333333333334,742.375,9.745833333333334,16.75,64.16666666666667,0.36333333333333334,0.0,0.36874999999999997,78.66666666666667,55.0
2025-02-04,39.1875,38.0125,821.2916666666666,18.295833333333334,24.229166666666668,83.375,0.5579166666666667,1.9583333333333333,1.1125,64.625,44.666666666666664
2025-02-05,65.31666666666666,64.51666666666667,849.9583333333334,32.8375,25.145833333333332,50.0,1.0170833333333333,0.5,0.24166666666666667,144.54166666666666,86.125
2025-02-06,45.30833333333334,44.94166666666666,841.3333333333334,29.6375,29.0625,34.708333333333336,0.875,0.0,0.20625000000000002,148.125,85.66666666666667
2025-02-07,15.041666666666666,14.995833333333332,764.5416666666666,10.179166666666667,18.233333333333334,63.0,0.3620833333333333,0.0,0.38958333333333334,86.875,56.958333333333336
2025-02-08,32.425000000000004,30.47083333333333,872.875,11.683333333333332,22.59583333333333,69.91666666666667,0.4991666666666667,3.5,0.8541666666666666,63.416666666666664,38.25
2025-02-09,71.09166666666667,67.2625,987.9583333333334,26.462500000000002,33.3375,56.916666666666664,0.69125,6.708333333333333,0.7270833333333333,114.75,73.16666666666667
2025-02-10,107.4875,105.0,1034.375,45.112500000000004,41.28333333333333,42.333333333333336,0.8304166666666667,3.8333333333333335,0.6708333333333334,177.0,125.625
2025-02-11,60.56666666666666,59.225,749.375,30.2375,24.991666666666664,64.08333333333333,0.62625,0.375,0.61875,160.5,100.33333333333333
2025-02-12,62.73333333333333,60.979166666666664,1122.2083333333333,37.35,25.575,47.666666666666664,0.7291666666666666,0.0,0.5833333333333334,131.58333333333334,78.625
2025-02-13,47.69166666666666,47.395833333333336,727.625,21.570833333333336,21.754166666666666,65.625,0.6875,0.0,0.9187500000000001,152.70833333333334,89.25
2025-02-14,57.60833333333333,57.012499999999996,828.2083333333334,28.80416666666667,24.604166666666668,62.166666666666664,0.7758333333333334,0.0,0.5458333333333333,145.625,85.16666666666667
2025-02-15,35.458333333333336,34.80416666666667,662.1666666666666,29.5,19.333333333333332,53.916666666666664,0.7420833333333333,0.0,0.4291666666666667,118.70833333333333,74.58333333333333
2025-02-16,28.816666666666666,28.6875,879.0833333333334,16.308333333333334,19.483333333333334,42.875,0.66625,0.0,0.4291666666666667,88.16666666666667,63.875
2025-02-17,57.175000000000004,56.54583333333333,860.3333333333334,27.400000000000002,24.2625,35.583333333333336,0.9979166666666667,0.5,0.48333333333333334,110.0,71.41666666666667
2025-02-18,30.59166666666667,30.400000000000002,1426.625,21.7375,21.266666666666666,39.666666666666664,0.8570833333333333,0.0,0.34375,125.04166666666667,76.45833333333333
2025-02-19,67.52499999999999,66.52499999999999,1765.5416666666667,35.541666666666664,30.379166666666666,29.083333333333332,1.0641666666666667,0.8333333333333334,0.30624999999999997,124.91666666666667,77.08333333333333
2025-02-20,52.70416666666667,50.637499999999996,632.6666666666666,29.516666666666666,17.3125,59.083333333333336,0.94625,1.0833333333333333,0.8145833333333333,154.70833333333334,92.20833333333333
2025-02-21,32.391666666666666,31.087500000000002,610.2083333333334,24.854166666666668,20.904166666666665,39.166666666666664,0.7912499999999999,0.25,0.3520833333333333,110.95833333333333,71.83333333333333
2025-02-22,47.125,46.199999999999996,672.8333333333334,28.108333333333334,21.179166666666667,40.375,0.8579166666666667,0.5416666666666666,0.33958333333333335,101.33333333333333,68.54166666666667
2025-02-23,20.754166666666666,20.570833333333333,917.1666666666666,14.841666666666667,19.875,45.833333333333336,0.4925,0.0,0.49583333333333335,109.875,70.875
2025-02-24,21.0125,20.754166666666666,1007.2916666666666,15.779166666666667,20.5125,40.916666666666664,0.42208333333333337,0.4166666666666667,0.39999999999999997,56.75,30.5
2025-02-25,35.666666666666664,35.4625,1667.875,31.224999999999998,32.32083333333333,26.833333333333332,0.3745833333333333,0.125,0.5458333333333333,86.125,61.666666666666664
2025-02-26,35.65,35.5875,991.5416666666666,27.495833333333334,26.96666666666667,43.583333333333336,0.35916666666666663,0.0,0.9187500000000001,95.70833333333333,66.83333333333333
2025-02-27,61.67916666666667,61.30833333333334,980.625,39.50416666666667,36.354166666666664,48.041666666666664,0.6275000000000001,0.0,0.8083333333333332,141.16666666666666,83.54166666666667
2025-02-28,40.00833333333333,38.387499999999996,624.875,23.808333333333334,20.395833333333332,58.291666666666664,0.5354166666666667,0.3333333333333333,0.7770833333333332,131.83333333333334,79.125
2025-03-01,31.791666666666668,29.291666666666668,434.2916666666667,18.491666666666667,16.808333333333334,62.666666666666664,0.51875,0.25,0.8979166666666667,93.91666666666667,66.0
2025-03-02,29.34166666666667,27.441666666666666,384.7083333333333,17.091666666666665,15.829166666666666,69.41666666666667,0.49583333333333335,0.0,1.1895833333333334,83.66666666666667,62.25
2025-03-03,50.74583333333334,48.75416666666666,529.0833333333334,20.770833333333332,15.791666666666666,68.83333333333333,0.8233333333333334,0.5,0.6437499999999999,107.375,70.41666666666667
2025-03-04,41.5875,39.762499999999996,530.7083333333334,18.891666666666666,12.016666666666666,72.08333333333333,0.8820833333333334,0.75,0.8458333333333333,118.375,74.29166666666667
2025-03-05,44.69166666666666,44.2875,674.9583333333334,17.8125,18.962500000000002,46.75,0.9812500000000001,0.0,0.43333333333333335,110.04166666666667,71.54166666666667
2025-03-06,20.454166666666666,20.166666666666668,647.1666666666666,9.9375,12.595833333333333,66.83333333333333,0.47374999999999995,0.3333333333333333,0.45625,99.45833333333333,66.20833333333333
2025-03-07,34.38333333333333,33.62916666666667,986.625,14.570833333333333,20.858333333333334,67.20833333333333,0.7720833333333333,1.25,0.59375,80.79166666666667,57.833333333333336
2025-03-08,50.57916666666667,49.70416666666667,1111.6666666666667,24.070833333333336,27.508333333333336,53.875,0.8383333333333334,1.5,1.0291666666666666,116.70833333333333,73.70833333333333
2025-03-09,53.729166666666664,53.48333333333333,991.375,41.6125,32.12083333333333,26.916666666666668,0.6479166666666667,0.041666666666666664,0.46249999999999997,142.625,81.95833333333333
2025-03-10,70.74166666666666,69.875,1232.125,38.958333333333336,32.012499999999996,57.125,0.7458333333333332,0.25,1.0145833333333332,154.79166666666666,92.04166666666667
2025-03-11,53.083333333333336,51.6,654.2916666666666,24.266666666666666,22.179166666666664,62.625,0.7616666666666667,0.0,0.6583333333333333,152.625,89.25
2025-03-12,33.28333333333333,31.666666666666668,488.875,25.083333333333332,20.358333333333334,46.0,0.7704166666666666,0.0,0.6333333333333334,111.45833333333333,72.04166666666667
2025-03-13,27.379166666666666,25.791666666666668,485.0,22.308333333333334,15.541666666666666,41.25,0.8470833333333333,0.0,0.47500000000000003,82.875,61.833333333333336
2025-03-14,35.15,33.333333333333336,449.9166666666667,24.245833333333334,17.325,46.375,1.0558333333333334,0.0,0.46875,83.45833333333333,62.333333333333336
2025-03-15,36.875,35.8375,589.25,17.895833333333332,17.037499999999998,46.416666666666664,1.04125,0.75,0.35833333333333334,97.70833333333333,67.41666666666667
2025-03-16,45.94166666666666,43.699999999999996,784.25,20.025000000000002,19.175,68.875,0.8250000000000001,3.9166666666666665,1.1354166666666667,102.41666666666667,69.20833333333333
2025-03-17,69.99583333333334,67.05833333333334,673.875,27.77916666666667,29.837500000000002,67.625,1.21,5.375,1.2125,148.04166666666666,85.75
2025-03-18,34.56666666666667,31.770833333333332,1071.5,13.316666666666668,15.270833333333334,81.25,0.9191666666666666,5.291666666666667,1.0625,143.58333333333334,85.08333333333333
2025-03-19,51.199999999999996,42.31666666666667,951.875,19.962500000000002,15.829166666666666,75.70833333333333,0.88,16.375,1.7249999999999999,88.54166666666667,63.958333333333336
2025-03-20,77.825,66.62916666666666,936.875,24.391666666666666,22.820833333333336,91.91666666666667,0.8729166666666667,20.75,2.002083333333333,143.66666666666666,83.70833333333333
2025-03-21,108.84583333333335,101.00833333333333,1026.25,32.19166666666667,30.604166666666668,105.45833333333333,0.9279166666666666,14.291666666666666,1.7375,168.54166666666666,111.66666666666667
2025-03-22,106.5,102.27083333333333,928.6666666666666,28.866666666666664,29.287499999999998,116.95833333333333,1.0408333333333333,6.291666666666667,1.58125,177.75,119.625
2025-03-23,79.13333333333334,76.52916666666667,622.0416666666666,25.412499999999998,25.962500000000002,106.91666666666667,0.9708333333333333,3.125,1.625,170.0,114.83333333333333
2025-03-24,93.47916666666667,89.97500000000001,820.8333333333334,32.31666666666667,39.333333333333336,99.375,1.1933333333333334,4.375,1.3708333333333333,164.0,104.41666666666667
2025-03-25,59.14166666666667,56.54583333333333,512.125,25.8125,24.09583333333333,92.0,1.46375,2.5833333333333335,0.9291666666666667,158.25,96.79166666666667
2025-03-26,46.475,43.31666666666666,491.5833333333333,24.020833333333332,21.679166666666664,88.375,1.5679166666666668,1.75,1.1812500000000001,136.41666666666666,80.08333333333333
2025-03-27,51.20416666666667,48.65833333333333,636.7916666666666,23.7625,19.491666666666667,105.0,1.1208333333333333,0.9166666666666666,1.2145833333333333,127.0,74.625
2025-03-28,55.62083333333334,51.800000000000004,708.8333333333334,23.46666666666667,14.616666666666667,86.5,1.3641666666666667,0.9166666666666666,0.6625,142.0,81.83333333333333
2025-03-29,29.291666666666668,28.670833333333334,538.9583333333334,10.870833333333332,13.4375,74.0,0.6445833333333334,0.8333333333333334,0.35000000000000003,125.16666666666667,76.45833333333333
2025-03-30,20.349999999999998,20.125,662.5416666666666,12.995833333333332,15.116666666666667,72.20833333333333,0.9191666666666666,0.3333333333333333,0.5604166666666667,64.08333333333333,38.791666666666664
2025-03-31,39.862500000000004,39.03333333333333,830.9583333333334,17.183333333333334,20.333333333333332,70.66666666666667,1.06875,1.5416666666666667,0.5854166666666667,78.5,55.166666666666664
2025-04-01,65.74166666666666,62.737500000000004,1197.625,24.575,24.912499999999998,84.04166666666667,1.1345833333333333,5.666666666666667,1.4354166666666668,132.45833333333334,78.875
2025-04-02,133.84166666666667,127.35416666666667,998.9583333333334,47.59583333333333,45.354166666666664,78.79166666666667,1.2291666666666667,11.75,1.2458333333333333,173.29166666666666,119.66666666666667
2025-04-03,95.97916666666667,92.42083333333333,832.375,32.4625,25.245833333333334,96.5,1.4395833333333332,5.791666666666667,1.3083333333333333,183.20833333333334,134.79166666666666
2025-04-04,76.70833333333333,73.17083333333333,647.7916666666666,27.433333333333334,22.21666666666667,89.70833333333333,1.6416666666666666,4.416666666666667,0.5541666666666667,162.91666666666666,104.0
2025-04-05,100.54583333333333,95.02499999999999,795.125,43.59166666666667,32.7875,53.041666666666664,2.4529166666666664,6.458333333333333,0.20833333333333334,158.625,97.5
2025-04-06,120.9375,117.28750000000001,662.2083333333334,57.199999999999996,43.875,56.125,1.825,4.958333333333333,0.6958333333333333,186.83333333333334,140.125
2025-04-07,80.51666666666667,79.7375,659.6666666666666,37.34583333333333,24.95,75.83333333333333,1.3629166666666668,1.0,0.5354166666666667,165.625,108.04166666666667
2025-04-08,81.39583333333333,80.39583333333333,683.5416666666666,33.12083333333333,24.766666666666666,66.91666666666667,1.2429166666666667,0.875,0.6020833333333333,167.375,111.0
2025-04-09,55.94583333333333,54.475,524.3333333333334,23.179166666666664,15.112499999999999,66.16666666666667,0.9516666666666667,0.9166666666666666,0.8770833333333333,155.08333333333334,92.66666666666667
2025-04-10,57.89166666666667,56.26666666666667,583.5,24.7375,13.341666666666667,68.625,1.1666666666666667,0.625,0.6416666666666667,141.625,81.75
2025-04-11,74.24166666666666,72.8,694.75,22.75,16.683333333333334,125.0,1.4566666666666668,0.125,0.8895833333333334,164.04166666666666,90.04166666666667
2025-04-12,60.39166666666667,53.34166666666667,710.9583333333334,20.508333333333333,20.0125,114.66666666666667,1.06125,9.833333333333334,1.0999999999999999,156.875,95.0
2025-04-13,70.06666666666666,43.34166666666667,484.2916666666667,20.925,15.133333333333333,81.66666666666667,0.48416666666666663,48.0,2.339583333333333,116.91666666666667,73.875
2025-04-14,101.89999999999999,82.12083333333332,1134.9166666666667,49.01666666666667,40.15416666666667,56.625,0.5683333333333332,32.791666666666664,1.3479166666666667,147.625,88.08333333333333
2025-04-15,148.02083333333334,134.27916666666667,1185.4583333333333,55.5,52.583333333333336,118.66666666666667,0.4791666666666667,22.25,2.21875,190.25,139.54166666666666
2025-04-16,88.52499999999999,79.23333333333333,610.5833333333334,25.566666666666666,28.670833333333334,111.125,0.4816666666666667,16.25,2.2666666666666666,175.04166666666666,122.625
2025-04-17,58.07083333333333,55.55416666666667,560.8333333333334,25.1875,19.349999999999998,97.625,0.6445833333333334,1.5833333333333333,1.3520833333333335,150.125,87.41666666666667
2025-04-18,56.44166666666666,55.0,759.7916666666666,26.929166666666664,25.541666666666668,135.75,0.5345833333333333,0.0,1.9583333333333333,163.45833333333334,83.375
2025-04-19,43.92916666666667,43.09583333333333,580.7916666666666,23.920833333333334,25.537499999999998,141.45833333333334,0.4495833333333333,0.0,2.2354166666666666,163.29166666666666,80.625
2025-04-20,41.15416666666667,39.75833333333333,508.75,21.670833333333334,23.5,140.04166666666666,0.45249999999999996,0.0,2.3458333333333337,147.29166666666666,75.75
2025-04-21,39.24166666666667,37.49583333333333,438.0833333333333,22.675,22.104166666666668,103.70833333333333,0.5475,0.0,1.8854166666666667,118.33333333333333,70.54166666666667
2025-04-22,49.15416666666667,47.48333333333333,527.0416666666666,25.929166666666664,30.170833333333334,135.16666666666666,0.69,0.0,1.9520833333333334,145.20833333333334,75.625
2025-04-23,51.61666666666667,49.38333333333333,717.2083333333334,26.1375,22.912499999999998,129.625,0.92875,0.875,1.7770833333333333,155.0,79.91666666666667
2025-04-24,56.19583333333333,52.90416666666667,529.125,23.941666666666666,16.166666666666668,106.16666666666667,1.2616666666666667,0.8333333333333334,0.9729166666666668,141.375,80.41666666666667
2025-04-25,56.25,53.6,566.5833333333334,18.691666666666666,18.795833333333334,110.20833333333333,1.0208333333333333,4.833333333333333,1.675,142.41666666666666,81.04166666666667
2025-04-26,62.00416666666666,60.895833333333336,614.75,28.891666666666666,21.412499999999998,90.54166666666667,1.2470833333333333,1.125,0.7479166666666667,154.04166666666666,91.0
2025-04-27,45.637499999999996,44.12916666666666,528.0,23.6375,19.383333333333333,82.70833333333333,1.4366666666666665,0.0,1.0854166666666667,139.33333333333334,81.45833333333333
2025-04-28,45.93333333333334,44.28333333333333,695.625,30.40416666666667,24.34583333333333,79.70833333333333,1.1491666666666667,1.5416666666666667,1.0,101.20833333333333,68.16666666666667
2025-04-29,104.79166666666667,103.11666666666667,763.75,46.854166666666664,50.30833333333334,96.79166666666667,1.1908333333333334,3.0,0.8666666666666667,163.70833333333334,104.75
2025-04-30,75.72500000000001,74.95416666666667,797.125,38.80833333333333,28.8125,80.29166666666667,0.9775,0.9166666666666666,1.6104166666666666,167.83333333333334,111.54166666666667
2025-05-01,60.6875,59.862500000000004,1176.3333333333333,33.99166666666667,27.020833333333332,82.25,0.6595833333333333,0.9583333333333334,0.7541666666666668,157.625,95.95833333333333
2025-05-02,87.45416666666667,84.3125,1253.375,38.9625,39.5375,127.375,0.5558333333333333,5.333333333333333,2.0729166666666665,172.54166666666666,98.125
2025-05-03,48.145833333333336,47.00833333333333,493.2083333333333,27.945833333333336,27.320833333333336,87.25,0.5650000000000001,0.875,1.5687499999999999,152.33333333333334,90.58333333333333
2025-05-04,45.00416666666666,43.44166666666666,486.0833333333333,23.770833333333332,24.4875,123.25,0.5441666666666667,0.5,1.76875,140.79166666666666,75.54166666666667
2025-05-05,45.604166666666664,44.525,598.125,23.991666666666664,27.22083333333333,152.54166666666666,0.4791666666666667,0.4166666666666667,2.1354166666666665,155.5,77.29166666666667
2025-05-06,36.6625,34.237500000000004,596.5833333333334,22.258333333333336,15.950000000000001,107.5,0.8379166666666666,0.4583333333333333,1.1708333333333334,120.04166666666667,71.91666666666667
2025-05-07,39.31666666666667,37.86666666666667,491.7083333333333,21.970833333333335,19.712500000000002,122.125,0.8779166666666667,0.5833333333333334,1.2104166666666667,123.58333333333333,70.25
2025-05-08,40.96666666666667,39.612500000000004,500.4583333333333,19.845833333333335,20.962500000000002,149.33333333333334,0.6445833333333334,0.08333333333333333,2.05,146.45833333333334,74.25
2025-05-09,37.47083333333333,36.15,808.4583333333334,23.641666666666666,20.070833333333333,102.41666666666667,0.705,0.75,1.5687499999999999,115.45833333333333,70.16666666666667
2025-05-10,44.645833333333336,43.36666666666667,593.5833333333334,26.145833333333332,23.7625,107.16666666666667,0.8641666666666667,1.6666666666666667,1.5958333333333332,127.375,74.08333333333333
2025-05-11,38.512499999999996,32.15833333333333,911.2083333333334,24.433333333333334,17.433333333333334,89.29166666666667,0.39625,10.666666666666666,1.7291666666666667,91.41666666666667,63.625
2025-05-12,58.44166666666666,55.62083333333334,848.7916666666666,36.17916666666667,28.579166666666666,110.29166666666667,0.32625,3.2916666666666665,2.347916666666667,154.0,85.125
2025-05-13,48.237500000000004,45.84583333333333,650.6666666666666,28.71666666666667,21.7375,108.0,0.5554166666666667,1.5416666666666667,1.5416666666666667,137.83333333333334,77.83333333333333
2025-05-14,39.15416666666667,37.458333333333336,615.4166666666666,26.7625,20.404166666666665,89.5,0.6216666666666667,0.0,1.5041666666666667,114.16666666666667,72.16666666666667
2025-05-15,40.045833333333334,38.71666666666667,536.75,30.079166666666666,22.1375,70.0,0.6325,0.0,0.9458333333333333,104.08333333333333,69.625
2025-05-16,37.983333333333334,36.387499999999996,615.2083333333334,31.02916666666667,21.879166666666666,67.95833333333333,0.60375,0.0,0.8354166666666667,99.83333333333333,68.33333333333333
2025-05-17,48.8125,47.333333333333336,631.4583333333334,31.179166666666664,23.866666666666664,88.70833333333333,0.6345833333333334,0.0,1.5875000000000001,118.70833333333333,73.125
2025-05-18,57.229166666666664,56.12916666666666,840.875,37.895833333333336,23.1375,70.375,0.85125,0.0,0.5354166666666667,133.95833333333334,79.25
2025-05-19,36.141666666666666,35.541666666666664,701.875,26.21666666666667,18.25,84.54166666666667,0.53125,0.0,1.3520833333333335,137.70833333333334,80.91666666666667
2025-05-20,46.800000000000004,45.65,514.7083333333334,24.45,23.72083333333333,127.625,0.59375,0.0,1.8145833333333332,137.375,74.16666666666667
2025-05-21,36.583333333333336,35.329166666666666,523.8333333333334,21.429166666666664,21.766666666666666,132.20833333333334,0.46375000000000005,0.0,2.0229166666666667,137.75,73.0
2025-05-22,40.9375,39.483333333333334,449.5,24.97083333333333,21.65833333333333,110.70833333333333,0.6687500000000001,0.0,0.9812500000000001,113.5,69.75
2025-05-23,42.03333333333333,40.362500000000004,752.0,31.104166666666668,18.745833333333334,52.416666666666664,0.86625,0.3333333333333333,0.48125,108.58333333333333,71.25
2025-05-24,39.56666666666667,37.52916666666667,558.6666666666666,24.504166666666666,18.854166666666668,69.75,0.4679166666666667,3.7916666666666665,0.4458333333333333,115.625,73.41666666666667
2025-05-25,39.387499999999996,35.27916666666667,726.8333333333334,15.195833333333333,14.370833333333332,82.79166666666667,0.5279166666666667,7.583333333333333,0.6437499999999999,100.95833333333333,68.58333333333333
2025-05-26,37.958333333333336,36.57083333333333,732.4166666666666,18.833333333333332,19.733333333333334,92.95833333333333,0.5204166666666666,2.2083333333333335,1.8354166666666665,102.25,68.08333333333333
2025-05-27,63.395833333333336,62.520833333333336,1056.3333333333333,31.666666666666668,30.099999999999998,81.875,0.7008333333333333,1.0,0.7000000000000001,120.70833333333333,75.25
2025-05-28,52.270833333333336,50.612500000000004,562.2916666666666,30.979166666666668,24.291666666666668,89.54166666666667,0.5658333333333333,0.25,2.122916666666667,156.125,93.83333333333333
2025-05-29,36.208333333333336,34.86666666666667,688.875,25.804166666666664,20.620833333333334,77.33333333333333,0.48833333333333334,0.0,1.7916666666666667,115.625,73.45833333333333
2025-05-30,39.625,39.43333333333333,588.125,21.712500000000002,21.166666666666668,110.33333333333333,0.51375,0.0,1.41875,108.04166666666667,66.91666666666667
2025-05-31,37.80833333333333,36.762499999999996,466.875,23.829166666666666,23.183333333333334,109.95833333333333,0.4466666666666667,0.25,2.0208333333333335,127.83333333333333,73.125
2025-06-01,33.69166666666667,32.925000000000004,483.9166666666667,27.03333333333333,22.391666666666666,80.95833333333333,0.19416666666666668,0.4166666666666667,2.9770833333333333,102.5,69.04166666666667
2025-06-02,29.974999999999998,29.616666666666664,720.25,19.116666666666667,18.883333333333333,91.79166666666667,0.30791666666666667,0.625,2.6374999999999997,98.83333333333333,65.70833333333333
2025-06-03,34.670833333333334,34.42916666666667,538.0,20.633333333333333,22.125,107.33333333333333,0.5941666666666666,0.20833333333333334,1.8770833333333334,100.95833333333333,64.0
2025-06-04,61.5875,60.800000000000004,659.5,26.195833333333336,24.308333333333334,127.625,0.9304166666666666,1.2916666666666667,1.664583333333333,149.5,81.20833333333333
2025-06-05,70.2625,69.49166666666666,704.375,29.858333333333334,27.25,119.33333333333333,0.9129166666666667,1.375,1.6854166666666666,165.625,97.125
2025-06-06,45.0625,43.11666666666667,507.5833333333333,28.65833333333333,23.8625,96.04166666666667,0.62,1.4166666666666667,1.2520833333333334,141.45833333333334,81.375
2025-06-07,38.083333333333336,35.74583333333333,532.6666666666666,22.454166666666666,19.35,112.625,0.5795833333333333,1.6666666666666667,1.8499999999999999,123.58333333333333,70.79166666666667
2025-06-08,51.31666666666666,49.03333333333333,603.375,29.083333333333332,21.4375,92.20833333333333,0.84875,1.75,0.88125,118.16666666666667,74.16666666666667
2025-06-09,55.041666666666664,54.7875,957.0416666666666,31.366666666666664,29.308333333333334,117.58333333333333,0.7566666666666667,0.125,1.3291666666666668,148.25,79.83333333333333
2025-06-10,60.04583333333333,58.56666666666666,753.2083333333334,34.34583333333334,24.370833333333334,88.66666666666667,0.7625000000000001,2.2916666666666665,1.4604166666666665,150.66666666666666,85.83333333333333
2025-06-11,62.49166666666667,60.112500000000004,1005.2916666666666,33.24583333333333,24.829166666666666,81.875,0.8025000000000001,4.291666666666667,1.2770833333333333,155.45833333333334,92.70833333333333
2025-06-12,35.68333333333333,35.34166666666667,773.7916666666666,21.4375,16.170833333333334,70.5,0.4345833333333333,0.625,1.8958333333333333,122.0,75.54166666666667
2025-06-13,31.700000000000003,31.483333333333334,861.75,21.575,16.7,72.29166666666667,0.3675,0.0,2.6041666666666665,89.33333333333333,64.29166666666667
2025-06-14,39.82083333333333,39.645833333333336,550.875,24.933333333333334,23.920833333333334,102.41666666666667,0.33,0.0,2.735416666666667,112.08333333333333,69.95833333333333
2025-06-15,76.39583333333333,75.3875,924.0833333333334,39.72083333333333,36.25416666666667,106.75,0.7870833333333334,0.0,1.2625,148.83333333333334,86.125
2025-06-16,58.35833333333333,57.92916666666667,893.625,30.004166666666666,28.525000000000002,108.54166666666667,0.8733333333333334,0.0,1.0687499999999999,159.5,93.0
2025-06-17,64.68333333333334,63.6875,789.7083333333334,36.541666666666664,33.800000000000004,101.58333333333333,0.6429166666666667,0.125,1.2583333333333333,156.16666666666666,87.625
2025-06-18,52.725,51.76666666666667,419.2916666666667,34.44166666666667,33.19583333333333,105.5,0.41,0.0,1.9583333333333333,157.45833333333334,91.5
2025-06-19,34.40416666666667,33.458333333333336,446.75,21.891666666666666,23.491666666666664,114.375,0.3854166666666667,0.25,1.8416666666666668,124.375,71.20833333333333
2025-06-20,40.34166666666667,38.208333333333336,478.9166666666667,27.575,25.787499999999998,95.125,0.45708333333333334,1.75,0.9416666666666668,100.29166666666667,67.875
2025-06-21,45.199999999999996,42.90833333333333,769.4583333333334,29.008333333333336,22.045833333333334,87.04166666666667,0.6733333333333333,1.5416666666666667,1.0020833333333334,108.70833333333333,71.375
2025-06-22,38.22083333333333,36.85,559.875,24.52916666666667,19.425,99.66666666666667,0.6108333333333333,0.5833333333333334,1.5645833333333332,120.45833333333333,72.66666666666667
2025-06-23,51.67083333333333,50.15833333333333,471.2916666666667,29.991666666666664,24.1125,95.66666666666667,0.6954166666666667,0.375,1.0520833333333333,125.54166666666667,75.58333333333333
2025-06-24,41.24583333333333,39.516666666666666,516.25,27.65416666666667,19.283333333333335,83.875,0.6041666666666666,0.0,0.8729166666666667,122.83333333333333,75.70833333333333
2025-06-25,49.791666666666664,47.65833333333333,499.25,30.075,19.425,84.91666666666667,0.5733333333333334,0.4166666666666667,1.2416666666666667,124.95833333333333,76.41666666666667
2025-06-26,48.762499999999996,47.19583333333333,570.6666666666666,30.275000000000002,25.47083333333333,85.5,0.42124999999999996,0.0,2.2645833333333334,131.875,77.79166666666667
2025-06-27,42.6875,41.8375,703.2083333333334,30.420833333333334,22.425,86.375,0.6629166666666667,0.0,1.1229166666666666,128.70833333333334,76.125
2025-06-28,46.07083333333333,44.81666666666666,637.0,31.53333333333333,19.075,74.375,0.6916666666666668,0.125,0.9812500000000001,105.54166666666667,70.04166666666667
2025-06-29,50.24583333333334,49.449999999999996,774.4583333333334,28.333333333333332,24.016666666666666,97.125,0.7354166666666666,0.125,1.2229166666666667,138.91666666666666,80.75
2025-06-30,39.18333333333333,37.07083333333333,691.9166666666666,23.941666666666666,15.637500000000001,84.5,0.6974999999999999,1.875,1.2166666666666666,116.41666666666667,73.33333333333333
2025-07-01,42.016666666666666,39.770833333333336,544.0,28.28333333333333,17.891666666666666,79.16666666666667,0.63,2.0416666666666665,1.0520833333333333,112.70833333333333,72.5
2025-07-02,31.925,30.15833333333333,539.7916666666666,26.245833333333334,13.975,61.083333333333336,0.37833333333333335,1.125,1.3479166666666667,97.58333333333333,67.45833333333333
2025-07-03,41.641666666666666,40.59166666666666,766.375,30.558333333333334,17.770833333333332,64.04166666666667,0.44,0.25,1.0229166666666667,101.25,68.75
2025-07-04,56.80416666666667,56.145833333333336,811.25,36.15833333333333,29.708333333333332,73.66666666666667,0.45999999999999996,0.0,2.0395833333333333,137.91666666666666,80.45833333333333
2025-07-05,73.46666666666667,73.11666666666666,716.1666666666666,36.0875,29.1875,95.375,0.48333333333333334,0.0,2.185416666666667,156.83333333333334,93.83333333333333
2025-07-06,72.87916666666666,72.55833333333334,665.0416666666666,36.65,40.00416666666667,97.70833333333333,0.47875,0.0,2.2916666666666665,160.66666666666666,98.5
2025-07-07,61.68333333333334,61.21666666666667,668.7083333333334,31.375,33.5,126.08333333333333,0.6054166666666666,0.0,1.9479166666666667,170.08333333333334,89.66666666666667
2025-07-08,64.86666666666666,64.41666666666667,643.5,33.4125,35.92916666666667,123.20833333333333,0.5995833333333334,0.5416666666666666,1.7270833333333335,167.625,91.83333333333333
2025-07-09,61.9375,59.12916666666666,780.5,29.495833333333334,30.675,112.58333333333333,0.6770833333333334,4.458333333333333,1.522916666666667,158.29166666666666,90.20833333333333
2025-07-10,40.708333333333336,39.38333333333333,676.0416666666666,21.791666666666668,21.270833333333332,107.91666666666667,0.6954166666666667,2.4166666666666665,1.8645833333333333,132.08333333333334,75.58333333333333
2025-07-11,33.46666666666667,33.375,752.2916666666666,22.570833333333336,18.8125,94.45833333333333,0.75375,0.0,1.3020833333333333,107.54166666666667,69.54166666666667
2025-07-12,41.47083333333333,41.229166666666664,782.375,29.537499999999998,24.145833333333332,82.25,0.7716666666666666,0.0,1.2458333333333333,105.16666666666667,69.16666666666667
2025-07-13,60.25416666666666,59.93333333333334,975.9583333333334,35.0,35.291666666666664,110.70833333333333,0.805,0.0,1.7375,149.33333333333334,81.33333333333333
2025-07-14,83.22083333333333,83.1125,1000.1666666666666,35.1875,34.954166666666666,104.45833333333333,1.0404166666666665,0.0,0.9104166666666665,160.0,99.20833333333333
2025-07-15,81.67916666666666,81.2,759.0416666666666,39.28333333333333,37.5875,110.20833333333333,0.9441666666666667,0.20833333333333334,1.4854166666666666,175.25,108.375
2025-07-16,55.5625,54.12083333333334,996.7916666666666,31.891666666666666,25.945833333333336,102.08333333333333,0.6533333333333333,0.9583333333333334,1.6395833333333334,155.79166666666666,86.45833333333333
2025-07-17,91.76666666666667,91.03333333333335,909.0833333333334,41.4625,47.54583333333333,134.0,0.5812499999999999,0.25,2.26875,175.625,103.04166666666667
2025-07-18,82.6125,81.91250000000001,743.75,39.35,41.175000000000004,117.41666666666667,0.5591666666666667,0.625,1.9875,174.20833333333334,111.25
2025-07-19,68.0625,67.69166666666666,884.875,39.22083333333334,39.05416666666667,99.66666666666667,0.63375,0.25,1.7249999999999999,161.625,99.16666666666667
2025-07-20,42.72083333333333,42.545833333333334,929.7916666666666,28.808333333333334,30.554166666666664,95.125,0.6291666666666667,0.25,1.0645833333333334,133.54166666666666,80.45833333333333
2025-07-21,33.329166666666666,33.208333333333336,646.625,27.916666666666668,25.02916666666667,62.916666666666664,0.49791666666666673,0.0,0.2708333333333333,114.75,73.20833333333333
2025-07-22,12.470833333333333,12.029166666666667,306.7083333333333,10.283333333333333,9.383333333333335,78.91666666666667,0.21958333333333335,0.0,1.9312500000000001,70.0,47.666666666666664
2025-07-23,23.170833333333334,22.058333333333334,504.5833333333333,18.316666666666666,11.7875,70.16666666666667,0.3345833333333333,0.0,1.34375,55.708333333333336,36.416666666666664
2025-07-24,34.65,33.637499999999996,896.375,24.620833333333334,15.866666666666667,72.08333333333333,0.555,0.0,1.2666666666666666,80.83333333333333,60.083333333333336
2025-07-25,46.37083333333334,46.27916666666667,913.625,31.516666666666666,28.387500000000003,75.16666666666667,0.5908333333333333,0.0,1.5,112.0,72.25
2025-07-26,89.18333333333334,89.03333333333335,913.125,38.704166666666666,36.06666666666667,124.54166666666667,0.7975,0.0,1.7979166666666666,170.54166666666666,99.58333333333333
2025-07-27,82.66666666666667,82.64999999999999,905.5833333333334,28.775000000000002,30.720833333333335,129.125,0.6879166666666667,0.0,2.222916666666667,172.125,109.54166666666667
2025-07-28,116.21666666666665,116.19166666666666,963.125,38.92916666666667,47.37083333333334,146.33333333333334,0.8429166666666666,0.0,1.9208333333333334,188.125,120.41666666666667
2025-07-29,76.15416666666667,76.02499999999999,756.1666666666666,37.583333333333336,42.3375,130.83333333333334,0.6862499999999999,0.0,2.035416666666667,185.625,114.66666666666667
2025-07-30,65.26666666666667,64.6875,789.5,33.2875,32.862500000000004,115.79166666666667,0.7075,0.0,1.8479166666666667,168.45833333333334,92.625
2025-07-31,56.65416666666667,56.31666666666666,799.625,27.0125,29.525000000000002,116.29166666666667,0.8458333333333333,0.5416666666666666,1.2229166666666667,160.04166666666666,89.375
2025-08-01,42.0375,41.65416666666667,823.2916666666666,27.741666666666664,27.22083333333333,102.625,0.47833333333333333,0.6666666666666666,1.3958333333333333,143.375,78.75
2025-08-02,60.800000000000004,60.0625,848.0,31.883333333333336,32.225,129.75,0.46625,1.0416666666666667,2.34375,161.25,82.66666666666667
2025-08-03,57.34166666666667,55.145833333333336,510.375,34.479166666666664,34.90416666666667,97.5,0.42874999999999996,3.7916666666666665,2.158333333333333,156.16666666666666,88.45833333333333
2025-08-04,41.708333333333336,36.55833333333333,590.2916666666666,26.054166666666664,22.675,77.29166666666667,0.38625,9.625,1.9749999999999999,112.33333333333333,71.79166666666667
2025-08-05,71.63333333333334,69.15416666666667,904.9583333333334,40.90416666666667,37.00833333333333,69.58333333333333,0.5045833333333333,4.333333333333333,0.8562500000000001,120.5,75.20833333333333
2025-08-06,110.05416666666667,105.67916666666667,1203.5,52.76666666666667,51.07916666666667,80.625,0.60375,6.708333333333333,0.8854166666666666,176.91666666666666,125.25
2025-08-07,57.95416666666666,57.01666666666667,941.0833333333334,33.99583333333333,30.829166666666666,104.16666666666667,0.46416666666666667,0.2916666666666667,1.9166666666666667,169.5,97.45833333333333
2025-08-08,48.14166666666667,46.737500000000004,445.125,29.2,27.25,103.16666666666667,0.36833333333333335,0.25,2.375,156.20833333333334,83.25
2025-08-09,41.454166666666666,40.15416666666667,452.7083333333333,25.537499999999998,23.820833333333336,104.41666666666667,0.37125,0.2916666666666667,2.3916666666666666,127.70833333333333,73.625
2025-08-10,39.35,37.06666666666667,483.7083333333333,23.270833333333332,19.129166666666666,98.79166666666667,0.43375,0.375,1.96875,116.5,70.125
2025-08-11,40.84166666666667,38.979166666666664,490.375,24.337500000000002,16.579166666666666,86.20833333333333,0.5279166666666667,0.0,1.2270833333333333,111.0,71.29166666666667
2025-08-12,54.708333333333336,52.65,525.9166666666666,29.083333333333332,21.133333333333333,96.83333333333333,0.5058333333333334,0.0,1.9625000000000001,126.875,74.25
2025-08-13,89.2,88.13333333333333,651.625,45.25,35.625,100.70833333333333,0.655,0.0,1.7395833333333333,161.33333333333334,94.04166666666667
2025-08-14,69.675,69.65,719.0,30.341666666666665,31.266666666666666,122.79166666666667,0.9829166666666667,0.0,1.6541666666666668,173.95833333333334,111.08333333333333
2025-08-15,48.583333333333336,48.04583333333333,667.2083333333334,26.683333333333334,21.1375,79.70833333333333,0.7295833333333334,0.0,1.10625,148.41666666666666,86.04166666666667
2025-08-16,41.579166666666666,40.395833333333336,766.4166666666666,29.86666666666667,22.004166666666666,62.708333333333336,0.36375,0.0,1.45625,113.83333333333333,72.95833333333333
2025-08-17,40.9375,40.81666666666667,827.0,29.099999999999998,25.162499999999998,59.416666666666664,0.45,0.0,1.2791666666666666,110.16666666666667,71.79166666666667
2025-08-18,43.275,43.125,741.3333333333334,33.11666666666667,26.53333333333333,59.166666666666664,0.3491666666666667,0.0,1.6041666666666667,126.75,76.95833333333333
2025-08-19,54.479166666666664,54.40833333333333,655.4166666666666,36.875,34.891666666666666,64.04166666666667,0.3075,0.0,0.8229166666666666,117.70833333333333,74.08333333333333
2025-08-20,48.1875,46.44166666666666,480.75,30.96666666666667,23.166666666666668,83.33333333333333,0.5216666666666666,0.0,1.6291666666666667,148.45833333333334,85.375
2025-08-21,43.604166666666664,41.333333333333336,508.5833333333333,29.016666666666666,19.533333333333335,71.58333333333333,0.65125,0.3333333333333333,0.9270833333333334,116.25,73.54166666666667
2025-08-22,37.86666666666667,35.56666666666667,418.1666666666667,27.858333333333334,22.816666666666666,54.916666666666664,0.43,0.0,1.4854166666666666,105.41666666666667,70.0
2025-08-23,52.3375,50.1,602.2083333333334,32.395833333333336,26.099999999999998,62.625,0.385,0.0,2.0520833333333335,109.125,71.25
2025-08-24,64.4375,63.25416666666666,719.2083333333334,35.94166666666667,36.045833333333334,76.16666666666667,0.45375000000000004,0.0,1.575,156.0,94.83333333333333
2025-08-25,16.554166666666667,16.304166666666667,386.8333333333333,13.416666666666666,14.720833333333333,55.75,0.22624999999999998,0.0,1.0,98.25,64.54166666666667
2025-08-26,16.395833333333332,15.525,465.7083333333333,16.875,10.924999999999999,49.083333333333336,0.2333333333333333,0.0,0.7145833333333332,52.5,27.708333333333332
2025-08-27,40.391666666666666,39.083333333333336,982.1666666666666,31.71666666666667,19.45,56.958333333333336,0.33749999999999997,0.0,0.9020833333333335,70.54166666666667,45.791666666666664
2025-08-28,79.63333333333334,77.49583333333334,1014.125,44.84166666666667,34.425000000000004,88.16666666666667,0.5541666666666667,0.0,1.9270833333333333,156.45833333333334,97.0
2025-08-29,48.50833333333333,48.362500000000004,833.2083333333334,27.474999999999998,23.349999999999998,68.625,0.43625,0.0,1.5020833333333334,151.41666666666666,88.5
2025-08-30,24.579166666666666,24.229166666666668,518.625,16.441666666666666,15.270833333333334,64.41666666666667,0.30583333333333335,0.0,1.7395833333333333,96.41666666666667,66.70833333333333
2025-08-31,33.079166666666666,32.6,941.5,26.604166666666668,18.233333333333334,47.041666666666664,0.31333333333333335,0.0,1.0062499999999999,79.375,60.041666666666664
2025-09-01,43.8125,43.34583333333333,654.5416666666666,31.541666666666668,27.212500000000002,74.04166666666667,0.3875,0.0,1.9333333333333333,108.08333333333333,70.91666666666667
2025-09-02,55.775,53.80833333333334,635.2916666666666,34.75,24.3875,73.125,0.40791666666666665,0.0,2.089583333333333,143.70833333333334,82.625
2025-09-03,47.425000000000004,46.020833333333336,527.5833333333334,32.358333333333334,27.416666666666668,65.29166666666667,0.3458333333333334,0.0,2.060416666666667,131.125,78.29166666666667
2025-09-04,45.112500000000004,43.90833333333333,512.7083333333334,31.458333333333332,27.075,64.25,0.31625,0.0,2.127083333333333,118.79166666666667,74.20833333333333
2025-09-05,46.0625,44.99166666666667,529.4583333333334,29.425,26.079166666666666,69.79166666666667,0.3491666666666667,0.0,2.0854166666666667,121.79166666666667,75.29166666666667
2025-09-06,48.42916666666667,46.9125,716.4583333333334,30.3,21.891666666666666,67.45833333333333,0.3941666666666667,0.0,1.7958333333333334,130.29166666666666,78.16666666666667
2025-09-07,87.40833333333335,85.84583333333335,908.625,50.25,32.80833333333333,76.16666666666667,0.4504166666666667,0.0,2.0500000000000003,150.29166666666666,88.70833333333333
2025-09-08,106.68333333333334,105.18333333333334,746.3333333333334,49.30416666666667,41.75,123.20833333333333,0.8445833333333334,0.0,1.4583333333333333,184.66666666666666,127.45833333333333
2025-09-09,72.625,71.04583333333333,769.0833333333334,36.57083333333333,30.3625,94.08333333333333,0.7495833333333333,0.0,1.4020833333333333,161.875,98.41666666666667
2025-09-10,75.64999999999999,75.125,899.3333333333334,39.65,33.0,69.25,0.8341666666666666,0.0,1.0041666666666667,165.41666666666666,107.75
2025-09-11,42.166666666666664,40.637499999999996,509.7916666666667,27.40833333333333,18.483333333333334,77.375,0.5816666666666667,0.0,1.3083333333333333,137.70833333333334,82.25
2025-09-12,40.983333333333334,38.800000000000004,555.2083333333334,28.675,20.566666666666666,61.083333333333336,0.38166666666666665,0.0,1.7437500000000001,103.66666666666667,69.54166666666667
2025-09-13,56.225,54.612500000000004,522.375,31.166666666666668,24.150000000000002,64.83333333333333,0.3833333333333333,0.0,1.8499999999999999,135.5,79.70833333333333
2025-09-14,55.762499999999996,54.74583333333334,673.8333333333334,36.275,23.858333333333334,66.04166666666667,0.375,0.0,1.8083333333333333,151.75,87.41666666666667
2025-09-15,45.208333333333336,43.916666666666664,502.375,34.762499999999996,22.7375,48.458333333333336,0.39749999999999996,0.0,1.26875,117.25,73.95833333333333
2025-09-16,49.8125,48.93333333333334,590.5416666666666,32.00416666666667,23.883333333333336,66.54166666666667,0.3841666666666667,0.0,1.7291666666666667,140.83333333333334,81.41666666666667
2025-09-17,51.38333333333333,50.8375,693.5416666666666,36.38333333333333,32.237500000000004,50.125,0.41500000000000004,0.0,1.4479166666666667,122.33333333333333,75.58333333333333
2025-09-18,58.162499999999994,57.708333333333336,927.9583333333334,37.53333333333333,32.4375,61.583333333333336,0.41,0.0,1.8020833333333333,148.125,84.29166666666667
2025-09-19,57.9125,57.525,743.0,39.74583333333333,33.84583333333333,74.375,0.3804166666666667,0.0,2.089583333333333,148.04166666666666,84.04166666666667
2025-09-20,76.08333333333333,74.58749999999999,766.0833333333334,44.56666666666666,39.49583333333333,85.0,0.48666666666666664,0.0,1.91875,160.91666666666666,101.04166666666667
2025-09-21,55.90833333333333,55.770833333333336,653.8333333333334,27.854166666666668,31.075,87.625,0.69,0.0,1.7916666666666667,148.04166666666666,86.08333333333333
2025-09-22,55.76666666666667,55.73333333333333,852.7083333333334,30.420833333333334,30.0125,99.33333333333333,0.7791666666666667,0.0,1.3479166666666667,138.29166666666666,79.83333333333333
2025-09-23,48.30833333333334,48.30833333333334,928.2916666666666,29.358333333333334,25.599999999999998,79.83333333333333,0.5216666666666666,0.0,1.8625,152.25,88.375
2025-09-24,27.837500000000002,27.775000000000002,726.5416666666666,23.599999999999998,15.958333333333334,62.25,0.26791666666666664,0.0,1.95625,100.375,68.20833333333333
2025-09-25,27.7,27.616666666666664,1108.0,27.712500000000002,19.041666666666668,39.958333333333336,0.21666666666666667,0.0,0.3458333333333334,84.16666666666667,62.375
2025-09-26,32.266666666666666,31.525000000000002,892.25,29.875,18.8875,44.166666666666664,0.3066666666666667,0.0,0.7625000000000001,92.29166666666667,65.45833333333333
2025-09-27,28.316666666666666,27.875,580.75,21.2375,20.266666666666666,57.458333333333336,0.32,0.0,1.6208333333333333,78.20833333333333,58.125
2025-09-28,24.53333333333333,24.3125,507.2916666666667,17.191666666666666,17.204166666666666,64.41666666666667,0.3225,0.0,1.59375,90.33333333333333,64.75
2025-09-29,11.245833333333332,10.862499999999999,295.5,14.116666666666667,10.920833333333334,42.5,0.15416666666666667,0.0,0.2791666666666667,56.958333333333336,31.875
2025-09-30,20.125,18.6375,464.625,19.60833333333333,11.700000000000001,48.625,0.22208333333333333,0.0,1.3,49.416666666666664,27.333333333333332
2025-10-01,43.26666666666667,40.362500000000004,591.25,30.808333333333334,21.633333333333336,44.083333333333336,0.4283333333333333,0.0,1.3833333333333335,82.66666666666667,58.5
2025-10-02,46.666666666666664,44.833333333333336,583.5,30.5625,28.0625,51.458333333333336,0.3458333333333334,0.0,1.7708333333333333,134.04166666666666,79.25
2025-10-03,39.94166666666667,39.06666666666667,554.375,29.0625,23.229166666666668,59.333333333333336,0.26166666666666666,0.0,1.9291666666666665,115.75,73.54166666666667
2025-10-04,42.71666666666667,41.65,851.2916666666666,33.541666666666664,23.25,53.875,0.305,0.0,1.7854166666666667,102.375,69.125
2025-10-05,63.72083333333333,62.625,804.0833333333334,40.108333333333334,36.737500000000004,76.29166666666667,0.3516666666666666,0.0,2.0020833333333337,148.25,87.875
2025-10-06,28.141666666666666,27.983333333333334,543.375,27.625,25.375,55.208333333333336,0.27291666666666664,0.0,0.28125,112.375,72.54166666666667
2025-10-07,25.95,24.599999999999998,472.5833333333333,23.5125,14.629166666666668,52.458333333333336,0.4395833333333334,0.0,0.6708333333333334,73.70833333333333,51.666666666666664
2025-10-08,59.65416666666667,57.9125,1166.0833333333333,46.8375,33.358333333333334,52.333333333333336,0.3725,0.0,1.4854166666666666,99.04166666666667,67.75
2025-10-09,86.67083333333333,85.35416666666667,1292.7083333333333,58.15,43.79583333333333,68.0,0.43083333333333335,0.0,1.7208333333333332,168.04166666666666,111.66666666666667
2025-10-10,55.20416666666667,54.28333333333333,906.625,36.079166666666666,24.97083333333333,65.08333333333333,0.33416666666666667,0.0,1.83125,153.70833333333334,90.375
2025-10-11,41.375,40.62916666666667,795.625,30.77916666666667,22.1875,77.16666666666667,0.39166666666666666,0.0,1.6729166666666666,123.08333333333333,75.70833333333333
2025-10-12,53.34166666666667,52.36666666666667,934.8333333333334,37.199999999999996,25.329166666666666,65.875,0.3666666666666667,0.0,1.5562500000000001,138.5,80.79166666666667
2025-10-13,36.80833333333333,35.333333333333336,835.4166666666666,37.525,25.25,36.291666666666664,0.31,0.0,0.8208333333333333,109.41666666666667,71.29166666666667
2025-10-14,33.69583333333333,32.175000000000004,759.1666666666666,35.045833333333334,25.304166666666664,27.416666666666668,0.305,0.0,0.8270833333333333,100.79166666666667,68.66666666666667
2025-10-15,29.383333333333336,28.224999999999998,876.375,31.104166666666668,19.808333333333334,41.5,0.30291666666666667,0.0,1.3604166666666666,77.95833333333333,57.416666666666664
2025-10-16,44.199999999999996,43.38333333333333,1416.0,38.62916666666667,27.566666666666666,49.166666666666664,0.3354166666666667,0.0,1.5104166666666667,104.25,69.58333333333333
2025-10-17,59.35833333333333,58.9125,978.0833333333334,45.270833333333336,36.795833333333334,65.25,0.3254166666666667,0.0,1.5958333333333332,137.16666666666666,80.33333333333333
2025-10-18,76.63333333333334,75.69166666666666,1327.125,53.737500000000004,43.895833333333336,57.458333333333336,0.33708333333333335,0.0,1.5958333333333332,160.95833333333334,101.08333333333333
2025-10-19,52.42916666666667,51.770833333333336,1230.7916666666667,32.9625,27.929166666666664,66.58333333333333,0.5029166666666667,0.0,1.4458333333333335,153.29166666666666,89.45833333333333
2025-10-20,21.2,21.175,734.4166666666666,12.266666666666666,16.829166666666666,72.16666666666667,0.3841666666666667,0.0,1.8104166666666668,96.54166666666667,66.16666666666667
2025-10-21,17.5125,17.491666666666667,532.5416666666666,8.658333333333333,13.233333333333334,66.45833333333333,0.21250000000000002,0.0,1.7020833333333334,63.666666666666664,37.916666666666664
2025-10-22,16.520833333333332,16.466666666666665,472.9583333333333,8.279166666666667,11.295833333333334,66.41666666666667,0.18708333333333335,0.0,1.2583333333333333,59.583333333333336,33.791666666666664
2025-10-23,20.154166666666665,20.004166666666666,493.375,11.533333333333333,11.674999999999999,57.916666666666664,0.20375,0.0,0.41041666666666665,62.583333333333336,35.833333333333336
2025-10-24,33.170833333333334,32.887499999999996,849.7916666666666,20.587500000000002,18.974999999999998,44.166666666666664,0.35125,0.0,0.32916666666666666,77.29166666666667,54.75
2025-10-25,38.295833333333334,38.13333333333333,1096.0,24.025000000000002,24.054166666666664,57.541666666666664,0.43124999999999997,0.0,0.9979166666666667,103.5,69.5
2025-10-26,30.570833333333336,30.46666666666667,1090.8333333333333,19.120833333333334,21.733333333333334,64.29166666666667,0.29375,0.0,1.04375,98.91666666666667,67.95833333333333
2025-10-27,32.9,32.6875,1162.5,26.962500000000002,23.741666666666664,58.208333333333336,0.19333333333333333,0.0,1.0562500000000001,78.75,57.208333333333336
2025-10-28,34.99166666666667,34.891666666666666,1124.0,29.325,24.704166666666666,54.166666666666664,0.21041666666666667,0.0,1.2125,104.95833333333333,70.0
2025-10-29,55.737500000000004,55.62916666666666,1558.2083333333333,36.2875,31.933333333333334,69.70833333333333,0.3733333333333333,0.0,1.3187499999999999,118.25,74.16666666666667
2025-10-30,47.041666666666664,46.94583333333333,1596.2083333333333,37.141666666666666,31.8,42.625,0.3629166666666667,0.0,0.375,153.08333333333334,90.04166666666667
2025-10-31,30.195833333333336,30.162499999999998,1352.75,17.458333333333332,16.095833333333335,54.25,0.3433333333333333,0.0,0.42291666666666666,95.54166666666667,66.66666666666667
2025-11-01,21.47083333333333,21.441666666666666,822.8333333333334,15.799999999999999,14.1,52.208333333333336,0.4058333333333333,0.0,0.23750000000000002,76.66666666666667,54.125
2025-11-02,22.45,22.325,782.1666666666666,15.516666666666666,17.0625,53.583333333333336,0.41500000000000004,0.125,0.36874999999999997,70.5,46.541666666666664
2025-11-03,19.5,19.216666666666665,575.9583333333334,14.691666666666668,13.729166666666666,55.916666666666664,0.3754166666666667,0.4166666666666667,0.24166666666666667,71.16666666666667,47.875
2025-11-04,14.541666666666666,14.487499999999999,856.2916666666666,16.791666666666668,12.775,49.166666666666664,0.15291666666666667,0.0,0.3458333333333334,58.208333333333336,31.708333333333332
2025-11-05,37.7375,37.645833333333336,1566.6666666666667,32.13333333333333,28.258333333333336,40.208333333333336,0.24125,0.0,0.65,66.45833333333333,40.583333333333336
2025-11-06,76.675,76.24166666666666,2254.0416666666665,56.8125,46.458333333333336,31.125,0.41083333333333333,0.0,0.5916666666666667,148.20833333333334,89.04166666666667
2025-11-07,56.15416666666667,55.9,1263.25,37.87083333333333,32.920833333333334,34.708333333333336,0.45166666666666666,0.0,0.33958333333333335,158.45833333333334,97.29166666666667
2025-11-08,21.537499999999998,20.575,694.8333333333334,22.75,17.175,42.25,0.2704166666666667,0.0,0.7083333333333334,99.41666666666667,64.29166666666667
2025-11-09,33.24583333333333,31.766666666666666,1151.75,38.9625,23.670833333333334,24.833333333333332,0.27166666666666667,0.0,0.4291666666666667,80.29166666666667,58.875
2025-11-10,25.791666666666668,25.55,1136.375,23.204166666666666,25.125,42.166666666666664,0.5479166666666667,0.0,0.68125,84.875,62.625
2025-11-11,34.35,34.32083333333333,1173.5833333333333,25.3,26.566666666666666,38.333333333333336,0.4979166666666666,0.0,0.35833333333333334,78.0,58.458333333333336
2025-11-12,41.020833333333336,40.50416666666667,1265.5833333333333,32.86666666666667,29.791666666666668,48.375,0.24333333333333332,0.16666666666666666,1.2458333333333333,105.54166666666667,70.20833333333333
2025-11-13,45.725,44.32916666666667,1624.625,37.05833333333333,29.954166666666666,55.875,0.205,1.5833333333333333,1.5145833333333334,115.75,73.33333333333333
2025-11-14,55.487500000000004,54.18333333333334,1974.125,46.125,36.65,52.875,0.1575,0.2916666666666667,1.5645833333333332,144.33333333333334,82.70833333333333
2025-11-15,53.09166666666667,52.166666666666664,1651.125,41.62916666666667,32.270833333333336,52.0,0.22583333333333333,0.0,1.45625,145.625,83.0
2025-11-16,48.574999999999996,47.74166666666667,1754.0416666666667,44.81666666666666,35.19583333333333,40.125,0.2708333333333333,0.0,0.5666666666666667,135.58333333333334,79.79166666666667
2025-11-17,50.166666666666664,49.6875,1524.0,36.80833333333333,33.75,59.958333333333336,0.535,0.0,0.8583333333333334,139.33333333333334,81.0
2025-11-18,15.295833333333334,15.25,574.6666666666666,11.329166666666666,17.058333333333334,52.458333333333336,0.3408333333333333,0.0,0.18333333333333335,97.41666666666667,64.04166666666667
2025-11-19,16.825,16.566666666666666,867.9166666666666,16.4875,16.745833333333334,52.583333333333336,0.18541666666666667,0.20833333333333334,0.9895833333333334,43.375,25.416666666666668
2025-11-20,31.900000000000002,31.46666666666667,1575.25,29.395833333333332,26.616666666666664,46.041666666666664,0.13083333333333333,0.0,1.4354166666666668,82.91666666666667,59.541666666666664
2025-11-21,26.875,26.525000000000002,1186.0833333333333,26.59583333333333,22.170833333333334,48.5,0.12041666666666667,0.0,1.0833333333333333,78.125,58.083333333333336
2025-11-22,61.291666666666664,60.916666666666664,1350.625,44.61666666666667,41.27916666666666,45.875,0.21291666666666667,0.0,1.1145833333333333,112.45833333333333,72.33333333333333
2025-11-23,88.29583333333333,87.99166666666667,1695.875,56.18333333333334,56.324999999999996,60.375,0.31124999999999997,0.0,1.3479166666666667,163.29166666666666,104.625
2025-11-24,49.90833333333333,49.80416666666667,1388.0416666666667,30.637500000000003,27.858333333333334,62.916666666666664,0.2554166666666667,0.0,1.3916666666666666,160.375,100.29166666666667
2025-11-25,28.412499999999998,28.175,957.3333333333334,20.745833333333334,20.558333333333334,71.45833333333333,0.21166666666666667,0.375,1.4291666666666665,90.45833333333333,64.375
2025-11-26,40.699999999999996,39.55833333333333,1267.125,31.075,27.504166666666666,60.208333333333336,0.15583333333333332,1.625,1.4000000000000001,94.5,66.25
2025-11-27,35.97083333333333,35.225,960.0,25.666666666666668,20.599999999999998,59.416666666666664,0.18083333333333332,0.875,1.375,110.91666666666667,72.0
2025-11-28,54.82916666666667,53.69166666666666,1160.625,41.1625,33.725,52.916666666666664,0.15958333333333333,0.75,1.39375,108.29166666666667,71.0
2025-11-29,82.45416666666667,81.18333333333334,1705.75,56.25833333333333,56.24583333333334,53.375,0.2579166666666667,0.2916666666666667,1.3229166666666667,158.70833333333334,97.875
2025-11-30,80.04166666666667,79.44583333333334,1805.375,50.68333333333334,53.80833333333334,61.958333333333336,0.31708333333333333,0.0,1.125,163.0,104.125
2025-12-01,70.66666666666667,70.19166666666666,1377.5,46.199999999999996,46.5875,45.833333333333336,0.48875,0.0,0.6208333333333333,161.125,101.25
2025-12-02,82.25,81.99583333333334,1402.0416666666667,51.69583333333333,48.30416666666667,56.333333333333336,0.5825,0.0,0.9354166666666667,156.66666666666666,94.54166666666667
2025-12-03,78.30416666666666,77.99583333333334,951.375,30.15416666666667,42.40833333333333,64.375,0.8612500000000001,0.5,0.6749999999999999,168.75,112.58333333333333
2025-12-04,76.49583333333334,75.98333333333333,1165.7916666666667,22.212500000000002,43.166666666666664,76.25,0.8529166666666667,0.875,0.775,157.04166666666666,95.0
2025-12-05,77.25416666666666,76.8625,1370.25,28.991666666666664,38.3125,39.791666666666664,0.7933333333333333,0.2916666666666667,0.2020833333333333,163.16666666666666,104.25
2025-12-06,64.02499999999999,63.80416666666667,1060.9583333333333,26.97083333333333,35.324999999999996,60.75,0.7645833333333334,0.0,0.7729166666666667,155.83333333333334,93.33333333333333
2025-12-07,68.08749999999999,67.45416666666667,994.625,35.50416666666667,32.36666666666667,64.08333333333333,1.0279166666666668,0.0,0.6,157.125,95.375
2025-12-08,57.42083333333333,57.324999999999996,1294.375,32.425000000000004,32.375,67.5,0.6870833333333333,0.0,1.1208333333333333,143.95833333333334,84.54166666666667
2025-12-09,82.87916666666666,82.73333333333333,1247.875,38.96666666666667,36.800000000000004,79.5,0.6845833333333333,0.0,0.9854166666666666,162.25,103.16666666666667
2025-12-10,84.78333333333333,84.45,1228.875,39.704166666666666,43.1875,83.20833333333333,0.4704166666666667,0.0,1.2041666666666666,166.625,109.66666666666667
2025-12-11,94.89583333333333,94.5,1572.25,55.275,64.58333333333333,47.25,0.7029166666666667,0.0,0.3625,161.375,101.91666666666667
2025-12-12,113.29583333333333,112.29583333333333,1418.3333333333333,56.49166666666667,65.425,48.916666666666664,0.7904166666666667,0.0,0.6749999999999999,181.54166666666666,132.45833333333334
2025-12-13,33.69166666666667,33.25833333333333,844.7916666666666,23.258333333333336,26.05,47.416666666666664,0.36166666666666664,0.0,0.29375,152.625,97.79166666666667
2025-12-14,42.354166666666664,41.641666666666666,1066.9166666666667,26.15833333333333,34.4,55.458333333333336,0.29958333333333337,1.3333333333333333,0.88125,80.54166666666667,56.666666666666664
2025-12-15,63.65,63.05416666666667,1044.9166666666667,40.641666666666666,42.50833333333333,51.041666666666664,0.40791666666666665,0.5416666666666666,1.1604166666666667,152.04166666666666,91.70833333333333
2025-12-16,58.07916666666667,57.4625,1474.6666666666667,40.25833333333333,33.81666666666667,39.958333333333336,0.49625,0.0,0.5770833333333333,138.625,81.16666666666667
2025-12-17,42.86666666666667,42.666666666666664,1101.7083333333333,27.400000000000002,27.21666666666667,49.666666666666664,0.37999999999999995,0.0,0.5854166666666667,146.08333333333334,84.58333333333333
2025-12-18,54.99583333333334,54.87083333333334,1058.9166666666667,27.287499999999998,29.962500000000002,74.79166666666667,0.43375,0.0,1.0541666666666665,116.54166666666667,73.70833333333333
2025-12-19,70.72916666666667,70.125,954.75,37.108333333333334,39.9,81.5,0.4045833333333333,0.0,1.0770833333333332,157.75,96.16666666666667
2025-12-20,54.17083333333333,53.28333333333333,810.1666666666666,37.237500000000004,27.587500000000002,40.833333333333336,0.49625,0.16666666666666666,0.4270833333333333,140.41666666666666,83.625
2025-12-21,60.6875,60.00416666666666,1310.0416666666667,38.38333333333333,34.6875,47.916666666666664,0.5129166666666667,0.625,0.8562500000000001,152.625,88.625
2025-12-22,41.975,41.229166666666664,1156.75,23.925,23.079166666666666,63.625,0.48625,0.20833333333333334,0.8479166666666665,142.125,82.08333333333333
2025-12-23,31.870833333333334,30.579166666666666,572.0416666666666,25.995833333333334,23.679166666666664,59.583333333333336,0.46208333333333335,0.0,0.6229166666666667,98.29166666666667,67.66666666666667
2025-12-24,26.84583333333333,25.516666666666666,573.75,21.708333333333332,22.529166666666665,49.375,0.5,0.125,0.5291666666666667,85.54166666666667,62.958333333333336
2025-12-25,17.670833333333334,17.470833333333335,786.75,12.758333333333333,16.958333333333332,58.791666666666664,0.31875000000000003,0.20833333333333334,0.5854166666666667,63.041666666666664,38.708333333333336
2025-12-26,36.77916666666666,36.62916666666667,739.2916666666666,28.3,32.84583333333333,62.333333333333336,0.2775,0.125,1.1854166666666666,74.20833333333333,49.958333333333336
2025-12-27,70.45,70.14583333333333,1437.875,39.2875,42.5625,54.0,0.49374999999999997,0.4166666666666667,1.075,140.41666666666666,83.20833333333333
2025-12-28,83.91250000000001,83.51666666666667,1260.1666666666667,38.40833333333333,45.75,57.958333333333336,0.6933333333333334,0.625,0.8895833333333334,161.58333333333334,101.75
2025-12-29,99.76666666666667,99.15833333333335,837.6666666666666,47.262499999999996,44.737500000000004,49.791666666666664,0.9987500000000001,0.0,0.5125000000000001,175.25,122.625
2025-12-30,54.07083333333333,53.50833333333333,689.4166666666666,30.175,23.037499999999998,60.708333333333336,0.6979166666666666,0.0,0.5125000000000001,157.83333333333334,96.75
2025-12-31,41.483333333333334,40.55833333333333,586.9166666666666,27.0,23.7,71.20833333333333,0.5795833333333333,0.0,0.6208333333333333,129.33333333333334,77.83333333333333
2026-01-01,25.4375,24.804166666666664,664.375,19.508333333333333,19.725,70.875,0.4979166666666666,0.0,0.23750000000000002,96.54166666666667,67.0
2026-01-02,22.25,22.066666666666666,878.0833333333334,15.016666666666666,23.916666666666668,39.708333333333336,0.74625,0.0,0.16874999999999998,64.95833333333333,39.416666666666664
2026-01-03,40.020833333333336,39.80833333333333,766.9583333333334,26.712500000000002,31.695833333333336,36.458333333333336,0.6783333333333333,0.0,0.3666666666666667,86.29166666666667,62.125
2026-01-04,49.362500000000004,48.475,950.4583333333334,33.270833333333336,25.5,51.208333333333336,0.54625,0.0,0.5541666666666667,132.625,78.83333333333333
2026-01-05,21.570833333333336,21.270833333333332,806.125,15.970833333333333,20.991666666666667,45.375,0.5558333333333333,0.0,0.30624999999999997,103.95833333333333,68.79166666666667
2026-01-06,27.370833333333334,27.170833333333334,921.4166666666666,16.995833333333334,20.145833333333332,49.666666666666664,0.305,0.0,0.28750000000000003,67.45833333333333,41.916666666666664
2026-01-07,52.45416666666667,51.81666666666667,1475.3333333333333,36.275,35.3375,49.458333333333336,0.26875,0.625,1.3208333333333333,97.66666666666667,67.375
2026-01-08,70.4875,69.87916666666666,1413.2916666666667,43.43333333333334,35.3125,50.416666666666664,0.32875,1.0,1.2979166666666668,153.45833333333334,90.25
2026-01-09,104.8125,103.87083333333334,1247.5416666666667,49.520833333333336,45.925000000000004,55.041666666666664,0.5158333333333334,0.875,1.1729166666666666,170.58333333333334,115.79166666666667
2026-01-10,85.92083333333333,84.72500000000001,1289.4583333333333,46.29583333333333,36.6,61.041666666666664,0.4566666666666666,0.625,1.2229166666666667,165.66666666666666,108.08333333333333
2026-01-11,102.28333333333335,102.08333333333333,1257.1666666666667,48.67916666666667,37.916666666666664,63.833333333333336,0.5916666666666667,0.0,1.1458333333333333,174.91666666666666,122.25
2026-01-12,86.1375,85.50416666666666,1127.8333333333333,46.574999999999996,36.65833333333333,67.875,0.5575,0.0,0.9270833333333334,166.29166666666666,109.20833333333333
2026-01-13,113.2,112.375,1250.25,49.199999999999996,46.050000000000004,77.79166666666667,0.73875,0.0,1.0458333333333334,176.5,124.45833333333333
2026-01-14,65.9375,65.13333333333334,674.5,31.104166666666668,29.041666666666668,76.625,0.78625,0.0,0.9458333333333333,167.04166666666666,110.29166666666667
2026-01-15,75.08749999999999,73.88333333333334,946.0,38.99583333333333,33.449999999999996,62.708333333333336,0.9387500000000001,0.375,0.49166666666666664,154.0,90.41666666666667
2026-01-16,70.74166666666666,69.69583333333334,563.4166666666666,36.90833333333333,29.291666666666668,51.541666666666664,0.78375,0.0,0.5270833333333333,162.20833333333334,102.79166666666667
2026-01-17,47.99583333333334,47.0,666.0416666666666,31.945833333333336,20.3625,52.083333333333336,0.74625,0.0,0.36041666666666666,148.0,86.25
2026-01-18,53.300000000000004,52.387499999999996,609.2916666666666,27.508333333333336,25.724999999999998,78.375,0.56375,0.0,0.9395833333333333,131.79166666666666,78.625
2026-01-19,57.362500000000004,55.86666666666667,571.0416666666666,26.275000000000002,25.087500000000002,75.375,0.6908333333333333,0.20833333333333334,0.5645833333333333,149.08333333333334,84.95833333333333
2026-01-20,34.295833333333334,33.395833333333336,506.375,24.066666666666666,16.724999999999998,64.70833333333333,0.5370833333333334,0.0,0.49583333333333335,121.5,75.29166666666667
2026-01-21,17.195833333333333,16.9875,699.25,14.1,18.470833333333335,32.416666666666664,0.5279166666666667,0.0,0.3333333333333333,77.70833333333333,54.75
2026-01-22,12.5375,12.429166666666667,757.5833333333334,12.470833333333333,15.975,43.916666666666664,0.3670833333333334,0.0,0.36041666666666666,51.333333333333336,25.583333333333332
2026-01-23,32.979166666666664,32.9375,941.0416666666666,26.704166666666666,26.4375,36.916666666666664,0.48541666666666666,0.0,0.6729166666666666,64.29166666666667,39.0
2026-01-24,53.2875,53.19166666666666,1115.8333333333333,31.045833333333334,37.93333333333333,19.083333333333332,0.7275,0.0,0.40625,122.375,75.5
2026-01-25,59.800000000000004,59.10833333333333,966.7916666666666,39.65,36.358333333333334,34.708333333333336,0.6079166666666667,0.0,0.47500000000000003,153.04166666666666,89.45833333333333
2026-01-26,54.92083333333333,52.12916666666666,1393.625,39.94166666666667,24.495833333333334,45.625,0.4979166666666666,0.0,0.65,134.33333333333334,79.66666666666667
2026-01-27,81.68333333333334,79.79166666666667,911.2083333333334,45.76666666666667,32.604166666666664,37.666666666666664,0.7041666666666666,0.0,0.7479166666666667,156.83333333333334,95.375
2026-01-28,64.33333333333333,64.07916666666667,976.875,30.479166666666668,28.208333333333332,67.375,0.7104166666666667,0.0,1.0354166666666667,161.08333333333334,101.45833333333333
2026-01-29,51.69166666666666,50.69583333333333,706.7916666666666,24.983333333333334,25.087500000000002,72.125,0.6570833333333334,0.20833333333333334,0.58125,148.75,85.08333333333333
2026-01-30,32.61666666666667,30.099999999999998,537.7083333333334,23.650000000000002,20.1125,65.95833333333333,0.45375000000000004,0.3333333333333333,0.9583333333333334,104.45833333333333,69.58333333333333
2026-01-31,27.97083333333333,27.008333333333336,995.0,21.65833333333333,23.7,47.75,0.4995833333333333,0.0,0.9708333333333333,90.0,64.58333333333333
2026-02-01,33.65833333333333,33.1875,1501.7916666666667,22.920833333333334,29.179166666666664,45.291666666666664,0.62125,0.5,0.6270833333333333,72.5,48.666666666666664
2026-02-02,61.020833333333336,59.97083333333333,1164.7083333333333,25.441666666666666,26.670833333333334,39.166666666666664,0.8420833333333334,1.75,0.27499999999999997,127.125,77.41666666666667
2026-02-03,90.52499999999999,89.72916666666667,1149.25,38.42916666666667,31.525000000000002,52.25,0.7158333333333333,1.375,0.9770833333333333,163.0,104.41666666666667
2026-02-04,84.64999999999999,83.86666666666666,789.0416666666666,38.108333333333334,31.583333333333332,61.416666666666664,0.8170833333333333,0.25,0.6416666666666667,168.625,112.58333333333333
2026-02-05,50.86666666666667,49.38333333333333,677.5,28.537499999999998,24.15833333333333,64.08333333333333,0.6658333333333334,0.0,0.5354166666666667,152.125,90.0
2026-02-06,46.17083333333333,44.020833333333336,536.0,27.570833333333336,21.59583333333333,53.5,0.6729166666666666,0.0,0.56875,126.125,76.875
2026-02-07,43.01666666666667,41.65,528.3333333333334,25.7625,17.741666666666667,62.25,0.8112499999999999,0.0,0.8312499999999999,120.79166666666667,75.08333333333333
2026-02-08,22.079166666666666,21.8875,897.75,13.008333333333333,18.604166666666668,49.625,0.48333333333333334,0.0,0.19166666666666665,97.83333333333333,67.08333333333333
2026-02-09,40.800000000000004,39.99166666666667,1099.0416666666667,27.05,29.941666666666666,36.916666666666664,0.6124999999999999,1.1666666666666667,0.3666666666666667,69.29166666666667,44.0
2026-02-10,81.69583333333334,80.66250000000001,1508.625,47.14166666666667,48.699999999999996,27.625,0.7645833333333334,0.5833333333333334,0.6062500000000001,151.58333333333334,92.08333333333333
2026-02-11,52.69166666666666,52.21666666666667,1482.9583333333333,31.154166666666665,27.754166666666666,22.791666666666668,0.73875,0.0,0.37708333333333327,161.33333333333334,101.83333333333333
2026-02-12,46.225,45.46666666666667,632.125,28.1125,21.40833333333333,40.208333333333336,0.7575,0.0,0.5895833333333333,110.70833333333333,71.75
2026-02-13,38.82083333333333,36.737500000000004,505.7916666666667,21.208333333333332,17.2375,64.20833333333333,0.6925,0.0,0.7374999999999999,119.875,74.66666666666667
2026-02-14,47.98333333333333,46.5,502.0,21.133333333333333,18.229166666666668,58.375,0.6525,0.0,0.8229166666666666,118.20833333333333,74.125
2026-02-15,39.8125,38.074999999999996,429.0833333333333,18.037499999999998,17.3625,72.45833333333333,0.5370833333333334,0.0,1.3562500000000002,114.125,72.83333333333333
2026-02-16,49.262499999999996,47.40833333333333,503.0833333333333,22.183333333333334,20.608333333333334,70.20833333333333,0.5620833333333334,0.0,1.1854166666666666,115.75,73.45833333333333
2026-02-17,35.57083333333333,34.895833333333336,656.4166666666666,19.729166666666668,20.933333333333334,46.541666666666664,0.48,0.0,0.63125,116.625,73.79166666666667
2026-02-18,48.24166666666667,47.80833333333334,1182.125,24.599999999999998,26.316666666666666,55.041666666666664,0.6041666666666666,0.0,0.7979166666666666,97.58333333333333,67.375
